Date,RELIANCE.NS,TCS.NS,HDFCBANK.NS,INFY.NS,ITC.NS,LT.NS,SUNPHARMA.NS,BHARTIARTL.NS,MARUTI.NS,HINDUNILVR.NS
2023-01-02,1170.4778,2877.781,770.9272,1368.0973,274.9213,2011.2446,959.5864,788.6904,8077.6313,2397.1121
2023-01-03,1161.9125,2921.811,775.9683,1366.7957,273.4759,2010.7634,971.2323,792.6653,8057.8789,2381.793
2023-01-04,1144.4182,2924.7229,762.0995,1341.8845,270.0894,1993.0522,966.4199,787.0422,8096.376,2376.2183
2023-01-05,1142.3734,2921.5908,757.2004,1324.2893,275.4169,2009.2234,978.066,782.4855,8133.1914,2420.8174
2023-01-06,1152.7565,2833.7517,754.6917,1300.3209,276.7384,2008.4535,970.8475,771.7241,8058.166,2414.0244
2023-01-09,1179.9747,2929.3997,756.1591,1332.5931,279.2163,2042.2876,978.6916,794.4104,8052.3521,2458.6238
2023-01-10,1162.5259,2899.7961,742.3375,1319.3971,275.3756,2027.801,973.8792,768.6702,7971.7515,2477.1755
2023-01-11,1147.8717,2937.1201,753.035,1320.7437,274.054,2045.801,989.4231,742.2027,7963.3882,2429.7651
2023-01-12,1123.0844,2942.1055,757.0583,1329.1371,272.4434,2078.9133,994.0911,733.8166,8044.854,2426.7671
2023-01-13,1121.2667,2977.5762,757.6501,1349.829,271.5349,2072.8013,992.8881,740.9908,8125.791,2458.5764
2023-01-16,1110.5885,3008.71,750.3843,1369.4438,272.7325,2057.2078,996.5935,735.9979,8055.3315,2433.3728
2023-01-17,1126.3562,3048.7322,761.5551,1382.0117,274.4257,2130.2668,993.9468,742.3482,8150.7339,2499.3816
2023-01-18,1124.4929,3059.2004,774.9979,1387.3083,276.408,2181.668,1001.0689,752.8672,8164.8647,2516.8552
2023-01-19,1123.2888,3043.9492,778.2166,1381.4731,274.3431,2188.021,1001.5023,748.456,8172.1719,2482.7034
2023-01-20,1109.9296,3034.9253,786.1924,1369.4889,276.3667,2165.7375,991.6849,741.1363,8112.7178,2388.0708
2023-01-23,1104.3177,3081.6704,791.9435,1389.6423,278.9685,2149.9033,1009.9239,749.1347,8090.897,2432.717
2023-01-24,1097.7972,3100.9829,802.5462,1393.1432,279.9597,2124.8765,1001.6465,751.9948,8361.6797,2436.5583
2023-01-25,1082.6204,3095.0715,780.3703,1385.1537,280.2075,2093.304,1001.021,752.8188,8443.6748,2457.0312
2023-01-27,1062.0818,3078.1963,764.8212,1363.7437,285.7827,2079.0098,1004.2453,750.8798,8398.8799,2447.4739
2023-01-30,1072.2604,3098.5908,764.04,1381.3833,284.7916,2033.8168,1012.2338,746.7109,8475.2988,2406.2473
2023-01-31,1069.5792,3030.9543,758.9991,1376.85,291.0275,2044.8867,995.6792,746.8079,8550.5645,2414.3057
2023-02-01,1063.2405,3075.7593,770.3829,1392.425,298.5025,2065.2449,976.8147,745.6444,8429.0146,2411.9629
2023-02-02,1057.3561,3122.7307,758.928,1421.735,312.709,2064.6194,969.7886,754.0306,8526.3896,2468.7429
2023-02-03,1058.2875,3142.4939,785.1747,1435.7839,314.4023,2085.4592,989.5676,768.7187,8595.7422,2481.7666
2023-02-06,1050.3129,3122.3247,781.8377,1409.2571,316.6736,2075.4004,984.9476,765.1799,8562.7715,2471.3193
2023-02-07,1047.791,3133.6951,782.9973,1402.5691,308.2901,2084.2559,968.6337,761.9321,8422.8633,2437.2141
2023-02-08,1068.7159,3176.6052,782.9026,1427.7944,310.1898,2051.0952,982.3065,751.4615,8492.3135,2419.9741
2023-02-09,1070.579,3195.3296,781.2697,1451.5834,309.1161,2067.0256,976.2943,743.2692,8460.1104,2423.6282
2023-02-10,1061.7637,3192.3525,784.3701,1443.9982,306.7208,2082.8601,976.1003,748.4075,8469.8672,2415.0081
2023-02-13,1055.7202,3142.584,784.9617,1407.1024,309.0748,2120.8335,984.4883,745.1597,8468.042,2418.2878
2023-02-14,1080.5985,3158.5574,792.2274,1430.2633,319.1928,2109.6194,976.2458,751.5584,8434.3984,2416.9758
2023-02-15,1105.0675,3177.1011,790.6181,1433.6744,320.8559,2093.6411,965.2397,761.4474,8502.5498,2387.7896
2023-02-16,1104.2042,3210.8513,787.7545,1437.9386,321.1497,2096.7693,964.9974,760.5263,8463.8604,2367.7859
2023-02-17,1108.8163,3159.5044,783.8021,1421.78,321.8633,2143.0208,954.67,753.1096,8466.4082,2356.9167
2023-02-20,1097.093,3147.0059,776.4416,1429.545,322.409,2142.2026,954.5731,755.3879,8356.7314,2353.1226
2023-02-21,1106.0446,3114.2478,779.3527,1417.9199,320.8979,2146.0049,942.1608,755.291,8333.8516,2357.5259
2023-02-22,1080.9618,3069.6233,764.0638,1402.0306,322.2411,2112.6035,939.2032,748.6015,8323.374,2336.8191
2023-02-23,1075.7816,3080.6775,758.8807,1392.066,325.3892,2078.3362,943.0337,739.682,8359.2285,2333.6333
2023-02-24,1083.1429,3068.6304,752.112,1392.0212,323.2905,2054.1753,941.0942,734.0104,8324.8652,2327.5901
2023-02-27,1075.9408,3006.7249,753.9818,1354.9011,320.8559,2034.5872,935.8093,729.9385,8297.6611,2312.5518
2023-02-28,1055.3567,2989.5791,757.153,1335.3761,316.2387,2030.2073,927.6154,719.6133,8290.1162,2305.5247
2023-03-01,1065.058,3055.3203,756.4194,1343.0068,317.9177,2036.1272,930.2336,727.3209,8424.498,2310.772
2023-03-02,1056.9471,2997.3394,749.9819,1321.5515,315.2733,2042.1915,936.0518,717.5289,8217.4453,2300.5593
2023-03-03,1083.9154,3016.0198,764.8685,1327.97,323.1646,2071.5015,937.6033,741.0878,8267.9111,2315.2219
2023-03-06,1094.5028,3042.8218,770.2646,1353.2406,325.851,2061.0098,936.0033,743.2207,8296.9404,2328.1992
2023-03-08,1098.4333,3059.561,771.8029,1339.9993,329.4188,2089.5498,928.4881,743.1722,8356.9697,2328.4336
2023-03-09,1072.0331,3011.2368,771.8739,1328.9574,325.3053,2111.1116,923.8334,749.8133,8210.9092,2306.2273
2023-03-10,1055.4248,3005.9575,751.9701,1321.0128,325.725,2077.0845,926.5972,750.1526,8268.1992,2310.022
2023-03-13,1038.067,2961.6936,742.4559,1288.2916,322.0732,2053.9832,925.1911,741.9604,8188.2715,2300.3247
2023-03-14,1034.1819,2901.2322,740.4678,1274.7365,318.7572,2063.9456,928.1973,748.262,8182.2646,2288.4722
2023-03-15,1016.5058,2886.7478,729.8414,1274.422,318.5053,2095.1809,922.573,733.5742,8146.5063,2254.4138
2023-03-16,1011.4393,2874.2043,734.5748,1260.4629,320.2263,2092.2454,938.0881,723.2005,8110.459,2304.3066
2023-03-17,1010.1671,2869.0605,744.3965,1275.3646,315.2733,2113.5659,928.682,734.1559,7994.5322,2293.1101
2023-03-20,1000.2385,2836.5732,739.2371,1260.0591,318.0016,2096.0474,932.076,731.7806,7901.0508,2352.8877
2023-03-21,1031.3417,2803.0037,747.6152,1248.4336,316.4485,2125.7908,927.2275,733.8651,7909.5107,2307.3523
2023-03-22,1034.4773,2825.2935,745.8876,1247.132,317.1202,2131.085,942.5972,733.6226,7932.5801,2320.2351
2023-03-23,1021.3907,2819.7434,739.8998,1233.9359,319.5547,2124.0581,948.0276,740.2637,8029.4741,2328.4336
2023-03-24,1001.1699,2815.9983,738.7164,1239.4119,317.9177,2085.074,943.373,739.1973,7923.4492,2324.4045
2023-03-27,1016.733,2817.6233,741.9352,1246.8625,319.1769,2073.3787,953.6519,738.5187,7957.5239,2341.4573
2023-03-28,1021.4816,2811.8472,747.9703,1236.674,318.7992,2053.7424,954.3791,725.6243,7890.6704,2326.2786
2023-03-29,1015.4381,2832.603,751.5677,1242.0151,321.3177,2067.0737,961.8459,720.9221,7973.8169,2371.2993
2023-03-31,1059.2191,2893.0649,761.8627,1281.873,321.9473,2083.1968,953.3124,726.1575,7970.79,2398.9399
2023-04-03,1059.4009,2887.7405,762.3361,1266.5223,318.0856,2088.9241,949.3851,737.3552,8173.5156,2376.2183
2023-04-05,1056.8562,2923.657,782.7844,1277.9233,324.3818,2173.2456,966.9368,740.1668,8119.6875,2419.9272
2023-04-06,1063.9447,2906.4209,788.7484,1276.4421,325.1794,2189.1279,981.4337,742.5905,8186.5889,2403.5305
2023-04-10,1056.4017,2944.9546,785.0092,1281.5588,326.1867,2223.251,978.0399,746.2747,8204.373,2372.5173
2023-04-11,1061.6273,2900.1941,787.3047,1262.3035,332.441,2215.3582,978.6702,750.5405,8323.9521,2387.134
2023-04-12,1066.3077,2925.3262,797.5288,1282.1871,330.3842,2202.8445,985.8943,747.5834,8286.9434,2369.519
2023-04-13,1070.329,2877.6787,801.1025,1247.0872,332.1052,2174.2083,973.0943,743.657,8334.7646,2376.312
2023-04-17,1075.759,2833.1448,788.8904,1129.578,335.9249,2131.1328,968.4398,736.4827,8338.4668,2390.9756
2023-04-18,1063.4449,2825.248,785.5533,1130.5206,334.5397,2133.6357,974.3549,736.5797,8394.2188,2380.8564
2023-04-19,1068.7388,2788.1138,788.4407,1106.1479,334.7496,2136.5234,965.3367,741.3302,8343.5615,2372.002
2023-04-20,1066.0348,2801.8303,791.3754,1098.2482,336.0508,2149.1812,957.8216,748.7468,8376.916,2335.4607
2023-04-21,1067.3755,2852.4111,792.6535,1101.7941,342.7248,2132.2883,959.47,741.8634,8226.7695,2340.4736
2023-04-24,1071.4651,2864.9995,799.0673,1100.8518,343.1026,2145.4751,949.4821,737.0643,8138.0469,2342.1599
2023-04-25,1079.6669,2866.083,787.707,1099.5947,345.4952,2163.8123,943.0337,749.0377,8140.6899,2333.4458
2023-04-26,1073.3281,2886.0713,791.3281,1101.9738,346.0829,2190.9568,941.8214,749.8618,8177.2173,2352.5132
2023-04-27,1080.1213,2876.8665,795.6828,1118.7607,349.231,2219.3047,949.0458,762.5139,8211.8711,2313.3015
2023-04-28,1099.8647,2905.1123,798.8069,1124.5957,357.2481,2275.9036,957.7246,774.9234,8256.6641,2302.386
2023-05-02,1109.2025,2905.2476,798.6412,1146.7688,356.3247,2295.2034,943.567,766.101,8436.7051,2297.1387
2023-05-03,1099.683,2869.6023,801.4339,1139.3181,358.5913,2268.1069,934.4033,755.5333,8456.3633,2329.2764
2023-05-04,1112.3606,2906.4209,817.8352,1143.2679,356.4507,2268.6846,944.4882,765.0345,8459.5342,2348.7185
2023-05-05,1109.5206,2915.4448,769.4836,1130.2961,359.9346,2288.5134,941.0457,763.2894,8601.8486,2343.0964
2023-05-08,1123.2206,2933.4033,778.3823,1136.1312,362.2012,2276.8662,932.7062,769.5427,8724.5029,2357.6663
2023-05-09,1126.6968,2962.8672,778.4059,1140.7094,355.779,2285.4814,928.4396,769.3973,8758.4346,2357.198
2023-05-10,1134.4443,2966.0703,782.0034,1134.0216,357.0802,2275.9519,924.9003,771.7726,8812.8408,2363.6628
2023-05-11,1127.0377,2961.8743,782.524,1127.603,352.9247,2158.2295,931.9305,764.5497,8901.9961,2428.9688
2023-05-12,1128.8778,2954.79,789.4348,1117.8182,352.9667,2137.9673,927.0336,767.7976,8935.1592,2458.0144
2023-05-15,1131.1044,2937.4192,793.2216,1129.6229,359.1371,2162.7537,924.1245,772.742,8850.4736,2494.4153
2023-05-16,1114.9962,2940.2163,788.6732,1134.9644,355.9049,2143.8389,912.4396,763.3378,8719.791,2507.2048
2023-05-17,1108.4073,2895.5918,784.4361,1119.3442,358.9691,2136.5234,907.5911,768.0884,8765.9805,2493.9473
2023-05-18,1106.022,2887.605,787.572,1118.5363,352.3371,2106.2988,901.4819,774.9719,8702.4414,2461.9036
2023-05-19,1109.6115,2908.3616,788.4817,1139.0936,352.463,2108.0793,897.7971,781.1767,8753.0518,2474.927
2023-05-22,1115.5414,2976.8091,785.681,1160.549,356.5766,2133.6357,909.0457,777.3956,8801.7871,2471.7881
2023-05-23,1115.3368,2975.3208,783.8376,1167.0571,360.2704,2115.395,903.3729,775.5536,8844.1289,2462.6057
2023-05-24,1108.839,2981.0059,773.592,1165.8003,363.9221,2103.3628,923.3003,776.9594,8911.4648,2450.0972
2023-05-25,1108.7028,2972.1169,770.6237,1170.9172,370.3443,2122.1812,916.3668,797.6099,8922.1338,2433.5132
2023-05-26,1138.9429,3004.0623,773.592,1182.677,372.4011,2135.4165,940.5124,793.0046,9035.6562,2485.1396
2023-05-29,1145.3497,2996.3477,783.0237,1179.9392,377.0183,2141.2883,939.1063,796.204,8971.7832,2483.2185
2023-05-30,1145.0543,2992.6013,783.6222,1188.4222,386.1734,2128.053,930.5245,793.4895,9019.6992,2489.0747
2023-05-31,1122.3119,2968.5076,771.2222,1183.4401,382.3966,2123.0955,945.7973,823.9803,9004.6572,2499.3816
2023-06-01,1119.29,2999.6404,767.9425,1184.5173,377.4182,2125.165,957.7731,802.6996,8966.7842,2527.8179
2023-06-02,1115.6322,2983.0361,769.1395,1181.7881,380.5941,2150.9138,969.3125,810.989,9117.7471,2545.4326
2023-06-05,1125.6516,2967.9658,768.1342,1186.792,378.2336,2183.4009,978.1853,809.0499,9210.7471,2525.8503
2023-06-06,1126.606,2916.8884,765.7402,1163.5928,380.0791,2192.6895,983.0822,804.1539,9358.877,2521.4934
2023-06-07,1135.1487,2955.332,769.7139,1172.6448,381.0662,2228.834,983.858,818.5026,9331.2871,2544.9644
2023-06-08,1135.8302,2920.6338,770.1927,1167.0499,380.1649,2252.7056,957.0942,810.5042,9284.2832,2510.9524
2023-06-09,1127.7874,2896.1335,771.1025,1151.7202,376.3453,2274.5562,954.1367,808.0804,9254.6768,2470.0078
2023-06-12,1128.7871,2930.0642,766.4106,1175.3741,375.0577,2252.3689,955.5912,810.8435,9180.3242,2476.8005
2023-06-13,1145.4634,2927.176,767.7032,1187.1101,382.3108,2266.2778,958.1609,808.9045,9148.6514,2507.2048
2023-06-14,1159.5496,2933.8091,766.8654,1183.0619,381.5383,2266.9038,956.8034,802.6996,9163.0693,2528.6143
2023-06-15,1159.8676,2924.0361,757.4337,1170.689,384.6284,2272.9194,958.4518,804.3963,9223.0029,2520.1345
2023-06-16,1171.1595,2886.3979,767.3442,1175.1013,388.9202,2278.2141,961.9427,812.2493,9231.5107,2544.4487
2023-06-19,1159.5269,2918.6724,768.0144,1177.2393,389.3493,2277.781,971.4459,802.8936,9162.5898,2534.6248
2023-06-20,1161.9352,2934.4001,769.6182,1185.7911,388.7056,2292.845,961.8943,805.8506,9124.2363,2527.8711
2023-06-21,1165.2069,2962.1284,783.0716,1182.1066,383.7271,2304.8289,961.8459,813.4127,9074.9707,2528.3433
2023-06-22,1152.1202,2944.2188,786.9017,1165.9125,384.2421,2325.813,960.2944,817.0968,9038.6367,2507.3259
2023-06-23,1142.6915,2924.0815,786.8539,1150.8561,381.7529,2300.1125,961.4094,828.7308,8965.8223,2495.2822
2023-06-26,1133.9672,2899.8071,783.0477,1155.7231,382.5683,2288.5615,964.8033,825.9678,9103.1855,2505.2004
2023-06-27,1134.3762,2906.8081,794.0833,1163.7292,382.0533,2298.6687,971.4459,838.5228,9094.3408,2504.4922
2023-06-28,1149.3939,2923.2627,802.4857,1176.6477,385.7014,2330.8186,990.8398,845.6002,9170.9053,2513.8438
2023-06-30,1158.8226,3002.176,814.5745,1214.9946,387.6327,2382.8938,1019.7368,851.9504,9409.6777,2529.8074
2023-07-03,1188.5627,2974.9478,823.3839,1213.3569,397.6324,2362.1982,1001.4096,852.3382,9298.126,2551.439
2023-07-04,1176.3169,3008.1763,827.4055,1223.7739,400.2933,2369.7063,1017.0217,838.7652,9273.5176,2550.4473
2023-07-05,1174.3856,3018.2673,801.1212,1225.73,407.8039,2378.3213,1013.0459,840.2195,9605.0508,2603.2036
2023-07-06,1199.0366,3020.9492,801.935,1222.6365,406.7739,2395.4553,1010.9127,843.128,9477.3018,2604.3845
2023-07-07,1196.6964,3026.7224,794.9451,1210.1729,402.053,2357.6743,1004.3187,843.9036,9468.5049,2548.6526
2023-07-10,1242.7948,2974.6294,793.054,1209.2175,399.8642,2347.4709,1013.3368,858.3976,9358.9727,2509.4043
2023-07-11,1256.2677,2975.0378,789.1999,1226.9126,406.1302,2381.9312,1039.7614,864.6994,9516.4727,2535.8057
2023-07-12,1257.6537,2963.6741,781.8029,1212.9932,405.4005,2363.0647,1046.0642,862.8088,9454.6162,2525.5566
2023-07-13,1246.4072,3036.9954,785.7048,1241.9237,405.143,2358.4443,1043.0581,858.0582,9273.6621,2507.6562
2023-07-14,1245.3622,3195.2756,787.3326,1297.2831,405.9156,2379.717,1040.4398,859.4641,9231.4629,2528.6267
2023-07-17,1270.8085,3174.4104,803.8022,1294.5537,405.4435,2376.3962,1044.9492,851.3202,9314.0342,2533.1609
2023-07-18,1281.6002,3179.0925,803.132,1342.089,405.5722,2382.0754,1034.8158,848.7511,9291.0605,2534.1997
2023-07-19,1291.3245,3154.728,806.7706,1341.8617,411.0228,2400.7974,1049.0703,844.1945,9235.2109,2523.6201
2023-07-20,1289.7604,3156.7791,808.5181,1318.7081,422.4389,2396.5142,1064.3916,857.8644,9393.7695,2553.5171
2023-07-21,1249.8348,3070.1868,802.2941,1211.4465,420.9797,2489.4502,1063.907,858.9792,9391.4141,2459.7649
2023-07-24,1224.5548,3094.2954,803.5629,1215.9954,404.5851,2507.739,1067.0583,861.0638,9319.0801,2437.3301
2023-07-25,1223.7673,3098.3057,812.2764,1214.1759,396.817,2465.0488,1061.8705,856.701,9380.4072,2425.9004
2023-07-26,1243.6562,3088.4167,809.4517,1227.1399,405.3576,2547.2043,1078.3069,862.2757,9378.2451,2440.2112
2023-07-27,1232.0872,3096.2554,801.0494,1231.052,399.1775,2560.6326,1100.5614,867.8502,9375.6006,2427.5061
2023-07-28,1244.4686,3058.4282,786.8539,1219.5435,402.0959,2550.3811,1107.9573,867.8018,9295.5293,2441.4392
2023-07-31,1255.0039,3118.6326,790.5404,1233.3719,399.7354,2580.991,1112.6769,862.7604,9440.1494,2418.9573
2023-08-01,1237.2563,3146.5247,795.8307,1242.0146,398.9629,2566.8408,1112.7255,864.457,9340.1797,2409.7949
2023-08-02,1224.0381,3136.1333,785.4176,1234.4181,394.9286,2552.7249,1104.7458,851.3202,9279.6689,2426.6558
2023-08-03,1218.8936,3099.0354,779.7442,1241.1958,391.4523,2529.3118,1110.3413,845.1154,9260.166,2409.9836
2023-08-04,1235.4595,3138.7766,791.0191,1253.9783,390.5081,2557.3489,1108.3463,862.518,9189.0449,2404.9773
2023-08-07,1242.4995,3175.6924,790.5643,1267.3063,390.4652,2566.1106,1129.6094,864.2147,9240.8584,2426.8923
2023-08-08,1235.0162,3163.4329,789.918,1264.7589,388.2764,2562.5085,1117.7858,858.3976,9259.0508,2423.7278
2023-08-09,1243.1641,3156.0496,790.2053,1268.5801,393.684,2581.3953,1121.8243,856.7495,9181.9609,2410.8335
2023-08-10,1248.7024,3137.4551,783.1913,1263.7582,387.7614,2573.5095,1119.3915,848.1208,9118.4062,2396.1921
2023-08-11,1253.97,3143.562,775.0283,1248.0647,385.1863,2568.6421,1101.9237,847.8773,9078.8672,2363.2256
2023-08-14,1268.7883,3144.5195,771.2461,1267.8066,385.5726,2589.4753,1103.7727,844.4685,9044.7139,2392.7917
2023-08-16,1267.7545,3152.312,768.9958,1290.5054,386.4738,2619.8005,1112.9203,834.6316,9139.7051,2411.2119
2023-08-17,1249.4656,3131.667,764.7349,1284.1825,378.5341,2582.2715,1114.0392,834.3881,9096.7695,2402.3794
2023-08-18,1258.7208,3069.093,761.5989,1263.4851,379.092,2572.0007,1104.4054,833.9498,9175.1201,2413.2424
2023-08-21,1244.9863,3100.585,761.0004,1278.5874,384.3709,2591.7632,1106.838,849.241,9158.3828,2420.7993
2023-08-22,1244.6899,3082.811,757.7448,1277.0862,389.9072,2607.8748,1106.984,854.7924,9209.9053,2423.6804
2023-08-23,1246.0732,3097.4863,759.612,1280.9071,386.6455,2645.6477,1093.5062,845.5399,9315.7168,2431.4734
2023-08-24,1225.126,3087.9155,756.1171,1295.1451,387.0318,2616.9773,1088.2515,846.806,9289.2754,2438.2747
2023-08-25,1219.4692,3082.0364,747.595,1291.9608,380.5512,2568.5447,1076.5739,850.7505,9223.2959,2421.5552
2023-08-28,1207.3157,3076.7949,755.3749,1287.9125,378.8774,2623.9871,1086.9863,847.6826,9312.5615,2414.1396
2023-08-29,1195.7551,3077.342,761.3835,1289.7321,377.7616,2646.9622,1081.7314,832.9271,9335.4121,2386.2263
2023-08-30,1194.6188,3090.8318,755.8297,1305.6531,380.0791,2637.2754,1084.9426,835.4107,9505.3604,2391.7053
2023-08-31,1189.1595,3059.7043,752.3587,1305.9258,377.4182,2631.1423,1081.7314,834.0959,9706.5977,2366.2959
2023-09-01,1191.9508,3080.1218,753.9147,1313.568,378.577,2630.5581,1079.201,843.3972,10024.3184,2366.0596
2023-09-04,1190.9875,3115.9434,758.6306,1332.9005,375.5298,2639.3198,1079.1038,842.7641,10054.5928,2362.8474
2023-09-05,1197.3607,3125.8335,754.0104,1345.4552,380.3366,2660.5911,1101.4858,843.3485,9957.2227,2368.1846
2023-09-06,1199.8804,3126.3352,763.873,1344.1361,384.0704,2658.1575,1111.655,857.3735,9876.4463,2383.7234
2023-09-07,1201.5106,3149.4414,771.2222,1333.9011,382.74,2771.0376,1102.6051,852.5037,9975.3193,2368.562
2023-09-08,1209.5142,3137.2732,777.2307,1336.9944,379.9504,2824.7764,1100.0747,862.7789,10025.0469,2374.5608
2023-09-11,1222.5569,3172.5928,781.2524,1343.2262,383.8558,2817.572,1106.3517,867.5999,10220.9004,2395.7673
2023-09-12,1204.895,3263.8794,783.694,1365.6521,387.2464,2866.1511,1114.4773,867.2104,10191.5488,2360.439
2023-09-13,1210.9222,3252.0757,787.0454,1363.1504,389.2635,2829.7896,1117.8831,891.3158,10162.2471,2367.7126
2023-09-14,1212.0337,3244.9658,786.5667,1370.9741,386.2163,2841.3259,1113.0662,891.121,10176.5586,2362.2805
2023-09-15,1214.2817,3279.8306,795.5913,1375.2047,384.843,2831.542,1118.9049,911.7689,10212.5557,2332.9036
2023-09-18,1203.7092,3286.9858,779.9357,1357.1913,388.0189,2842.5427,1116.8126,896.2343,10209.499,2350.804
2023-09-20,1176.8826,3286.8948,748.6483,1355.7811,388.7914,2813.4832,1122.1649,886.9817,10039.3584,2330.2114
2023-09-21,1168.3112,3267.981,743.693,1366.2437,384.1134,2822.5857,1115.353,894.0428,9978.7637,2336.3513
2023-09-22,1163.4448,3284.7068,732.3463,1361.1488,380.3366,2841.2288,1101.9237,887.6635,10222.1631,2344.947
2023-09-25,1156.2811,3260.552,732.9926,1341.1338,379.9074,2825.6523,1093.847,886.6895,10273.6357,2338.7131
2023-09-26,1157.2938,3268.3452,736.1765,1328.8521,379.7787,2835.4363,1095.5983,888.9296,10243.0234,2341.6409
2023-09-27,1170.3365,3271.627,731.0057,1334.6289,385.5297,2886.5461,1109.3195,896.283,10363.4355,2363.1782
2023-09-28,1153.1439,3223.7285,729.4976,1309.5651,378.3195,2930.3059,1101.875,901.5424,10251.4629,2324.0715
2023-09-29,1158.5291,3216.2996,730.7424,1305.9258,381.4525,2943.4973,1127.5172,902.2728,10295.3701,2329.0305
2023-10-03,1145.2638,3202.8545,722.0049,1304.6067,377.4611,2991.8813,1110.7792,901.2015,10039.5049,2332.1477
2023-10-04,1143.2877,3224.6396,732.2984,1314.0227,374.3281,2947.5862,1093.6035,900.1788,9828.9014,2368.9404
2023-10-05,1143.2631,3271.6729,735.2667,1331.3993,374.2852,3014.0776,1089.0298,904.659,9906.8174,2379.9922
2023-10-06,1145.1898,3300.8855,734.4529,1345.2732,379.5212,3011.79,1097.0095,901.9319,9995.9854,2360.9583
2023-10-09,1135.4325,3316.3362,725.9307,1342.3164,378.062,2993.2927,1092.8737,900.471,9940.4375,2372.1995
2023-10-10,1140.447,3307.7222,730.0482,1360.239,381.4525,2994.5586,1096.2308,923.6511,10066.7705,2376.8279
2023-10-11,1158.5537,3290.4033,737.1099,1359.5568,384.7572,3006.9224,1098.4205,930.7123,10102.7676,2414.801
2023-10-12,1160.7028,3229.0154,742.0173,1333.2645,386.8601,3000.1562,1100.0262,925.599,10266.5527,2415.3677
2023-10-13,1160.6536,3254.8098,735.2667,1302.0138,384.843,3007.7986,1114.5259,929.3488,10408.8457,2427.1279
2023-10-16,1158.0597,3212.1523,732.3223,1304.7433,385.358,3019.7729,1104.7944,921.898,10386.4805,2416.5959
2023-10-17,1163.5929,3196.6565,737.8759,1312.2943,389.2206,2985.1155,1106.2542,928.8132,10431.4043,2414.5652
2023-10-18,1148.1542,3178.6084,727.6064,1310.5658,387.6755,2964.9634,1122.4083,928.0339,10467.9365,2407.1025
2023-10-19,1139.3354,3157.9561,725.3083,1304.2882,386.6026,2973.5305,1110.8279,918.3918,10451.6846,2406.9612
2023-10-20,1135.8525,3193.5054,729.0667,1298.4656,376.2165,2932.5938,1111.509,920.5832,10407.0029,2356.9438
2023-10-23,1118.1165,3116.3757,721.0473,1281.5443,374.1565,2879.9751,1092.2898,914.8369,10240.1123,2345.939
2023-10-25,1115.5226,3098.0532,716.4752,1262.5602,371.4097,2838.8921,1090.1978,898.5718,10274.2666,2340.0825
2023-10-26,1099.985,3049.2986,700.6279,1252.792,372.826,2788.7559,1074.0435,881.9171,10114.46,2339.2322
2023-10-27,1119.4009,3062.2754,703.3809,1272.0522,372.311,2825.0681,1081.4396,890.7801,10246.9521,2344.5696
2023-10-30,1142.4725,3087.498,711.0172,1269.0111,369.4785,2848.8708,1085.2345,902.1267,10088.7959,2341.5938
2023-10-31,1130.3192,3078.5417,706.8998,1261.0397,367.7188,2851.4995,1059.3492,890.5854,10083.5547,2346.4111
2023-11-01,1135.0126,3043.7241,705.9422,1247.9077,367.4613,2818.6428,1086.2078,889.6602,9923.8945,2335.3125
2023-11-02,1146.2767,3070.6377,707.0195,1262.6525,370.0793,2840.8391,1102.4104,899.7892,9997.4902,2366.2849
2023-11-03,1146.0297,3062.23,710.3708,1280.0696,371.8818,2834.1704,1110.4387,906.5095,9971.002,2387.647
2023-11-06,1155.5647,3089.0513,715.5176,1293.2015,373.6844,2896.6709,1119.0996,914.7394,9979.2979,2376.3708
2023-11-07,1148.0553,3080.0957,712.0464,1294.1232,371.4097,2882.8955,1139.4866,912.7429,9948.6855,2375.4673
2023-11-08,1154.0331,3090.2395,714.1052,1281.8667,375.0577,2917.1147,1145.0822,912.3532,10015.6348,2397.2573
2023-11-09,1141.5093,3059.0769,711.2805,1266.9376,372.869,2944.7629,1144.5955,908.0678,10091.3662,2356.6743
2023-11-10,1143.6582,3046.283,714.0812,1261.4545,374.7144,2952.9404,1147.6609,911.1358,10080.1592,2366.0471
2023-11-13,1143.5101,3044.5466,712.7886,1265.7856,374.2423,2967.7866,1146.1527,910.6489,10089.4746,2358.0537
2023-11-15,1164.1858,3111.0295,720.2574,1299.8367,379.3495,2983.8013,1149.1692,925.2582,10145.4111,2365.9041
2023-11-16,1166.2854,3196.5205,722.1484,1331.538,376.517,2970.3665,1157.5869,924.8199,10173.0166,2370.4714
2023-11-17,1163.7412,3200.7241,720.5925,1324.7645,377.032,3026.6848,1162.5011,922.6285,10210.8574,2406.2493
2023-11-20,1160.6782,3216.3967,720.6403,1323.889,374.929,3007.0198,1156.0784,936.3613,10252.3379,2384.9822
2023-11-21,1175.277,3207.8064,726.7446,1326.1007,374.4569,2993.4392,1169.1185,945.5651,10222.1631,2383.8408
2023-11-22,1179.8717,3226.0381,724.1593,1343.4258,377.4182,3000.6919,1171.7458,944.4938,10182.7676,2399.6838
2023-11-23,1183.4781,3206.0249,728.3486,1335.5465,377.9761,2965.012,1166.5883,951.2141,10176.8975,2397.7805
2023-11-24,1182.6876,3159.281,733.5192,1324.6261,375.7874,2973.3845,1163.3282,947.8052,10203.2412,2393.3083
2023-11-28,1182.9347,3171.2065,731.8674,1329.5104,373.5985,2969.2471,1159.3385,959.2493,10224.4893,2388.8838
2023-11-29,1186.0471,3211.0508,746.4699,1345.0845,375.2723,3002.1035,1169.8969,969.4758,10284.3574,2402.6814
2023-11-30,1174.5607,3187.1536,746.3023,1340.9836,374.0706,3026.8794,1192.9114,988.2731,10293.5273,2422.1877
2023-12-01,1182.8853,3209.1313,744.6744,1338.3573,386.0876,3106.1729,1198.1664,988.2731,10271.209,2439.4104
2023-12-04,1195.6809,3209.8628,770.528,1349.4617,389.7356,3225.8191,1198.0691,1005.9991,10284.5518,2476.1875
2023-12-05,1204.3513,3227.3628,777.3743,1339.8778,387.7614,3227.6687,1206.2434,1004.246,10403.3633,2439.03
2023-12-06,1215.8873,3293.6174,779.3373,1358.6312,397.6324,3302.4841,1207.0217,997.7691,10310.0703,2443.2166
2023-12-07,1213.8865,3303.4866,780.6059,1350.8901,393.2119,3266.7561,1206.0,973.956,10378.8643,2396.2104
2023-12-08,1213.2443,3314.2705,791.4979,1374.1593,385.5297,3289.001,1202.5941,974.1994,10303.083,2400.0645
2023-12-11,1215.0227,3329.075,790.4447,1371.717,388.3622,3296.1562,1208.0437,974.7838,10228.5654,2382.3184
2023-12-12,1197.5831,3355.7593,782.5929,1360.2439,388.9202,3253.9053,1185.2722,969.3297,10031.2568,2381.4617
2023-12-13,1202.474,3283.9763,780.8214,1335.316,391.1089,3309.7856,1199.9668,973.8586,10071.6689,2390.1682
2023-12-14,1217.394,3351.3271,790.0377,1383.6511,394.9286,3342.2041,1198.2151,979.0206,10045.6172,2394.4031
2023-12-15,1232.9319,3528.3862,793.1019,1454.5637,393.2978,3395.6504,1202.5454,966.7,9980.8018,2400.6353
2023-12-18,1245.4805,3526.7412,792.6948,1441.616,387.6755,3399.1553,1219.0889,964.4598,10013.0156,2412.6248
2023-12-19,1263.8093,3487.4456,791.3542,1436.0409,391.4952,3406.3103,1211.4982,962.7068,9929.5703,2436.6035
2023-12-20,1248.5188,3454.4097,793.3173,1415.859,387.1176,3327.9905,1199.0422,946.2469,9781.7471,2433.5583
2023-12-21,1266.0079,3461.2183,807.5366,1415.4904,387.5039,3333.491,1200.3557,952.4316,9715.3779,2429.467
2023-12-22,1267.2429,3494.5732,799.9481,1440.28,390.7227,3385.8662,1210.2332,963.7781,9913.6094,2450.7815
2023-12-26,1273.6655,3468.5747,805.5018,1422.8167,391.7956,3397.646,1213.9797,973.8099,9965.5205,2459.488
2023-12-27,1278.0131,3482.8765,815.4842,1444.1504,392.3536,3450.1677,1218.7966,994.6039,9982.8398,2481.897
2023-12-28,1287.2516,3472.5496,816.4178,1440.0494,398.362,3424.9048,1228.2361,1009.7001,9966.4404,2506.1609
2023-12-29,1277.0745,3466.6096,818.3328,1421.8491,396.6454,3432.6443,1225.6085,1005.3173,9996.2773,2534.8496
2024-01-01,1279.693,3482.7852,812.9946,1429.636,401.7526,3432.1086,1226.3872,986.6661,9977.793,2526.0955
2024-01-02,1290.29,3457.2883,813.4733,1414.0157,403.7267,3347.0715,1261.371,995.0908,9894.7852,2487.1304
2024-01-03,1276.2593,3373.717,800.9296,1373.0995,409.6494,3349.262,1263.7067,1008.2393,9778.2539,2480.2317
2024-01-04,1282.8546,3350.9158,809.5235,1394.0184,408.9198,3367.126,1277.671,1020.6085,9717.7549,2466.9099
2024-01-05,1288.3138,3415.8906,805.3821,1412.311,406.8168,3428.6528,1265.2635,1019.3423,9719.4053,2493.0774
2024-01-08,1278.2603,3361.425,796.4053,1403.326,399.5638,3408.4036,1270.2267,1021.7286,9651.1943,2453.303
2024-01-09,1274.8759,3372.0256,790.2053,1409.3162,398.7483,3461.801,1288.4241,1036.7761,9726.2939,2454.73
2024-01-10,1309.2614,3393.1816,792.8145,1400.6536,397.6754,3451.6279,1289.2511,1035.0229,9712.8066,2452.4941
2024-01-11,1343.6962,3413.7434,789.4871,1376.9698,397.1174,3412.0542,1280.8823,1035.1691,9713.6807,2413.2908
2024-01-12,1354.392,3548.3081,785.7527,1486.2189,400.5938,3474.311,1290.3217,1048.3175,9669.5811,2420.7129
2024-01-15,1377.5132,3567.499,800.8817,1522.4816,401.3663,3449.2429,1293.6304,1073.6891,9787.2285,2448.4976
2024-01-16,1358.2455,3528.6604,803.9219,1503.5439,405.4005,3478.8865,1278.1576,1067.3584,9881.0068,2444.5967
2024-01-17,1345.3511,3549.9531,736.1045,1511.5151,400.508,3476.4041,1264.0959,1056.9857,9753.0742,2438.6968
2024-01-18,1351.65,3566.4026,711.5199,1513.7269,399.5638,3500.791,1299.8584,1058.7389,9629.6533,2424.519
2024-01-19,1351.156,3628.4712,704.0989,1529.0244,404.7139,3549.467,1299.7125,1095.7006,9739.4902,2441.0754
2024-01-23,1312.7443,3550.4365,683.3684,1513.3123,394.2419,3456.9822,1341.2651,1127.8409,9567.5068,2260.4263
2024-01-24,1327.8619,3535.2988,697.0372,1543.9534,397.9329,3494.1709,1344.9629,1158.9589,9691.4619,2323.3228
2024-01-25,1336.9523,3506.3123,686.9831,1538.1477,391.1089,3498.3083,1331.5338,1130.3247,9587.4463,2310.6199
2024-01-29,1430.7958,3497.7542,696.4387,1526.6284,386.0876,3609.8252,1363.2094,1131.8829,9694.5674,2325.9395
2024-01-30,1390.8523,3497.3401,691.4835,1521.8824,376.0019,3537.1035,1334.8911,1128.4741,9655.9971,2339.4988
2024-01-31,1409.6259,3511.5115,700.221,1530.5912,379.0062,3387.6187,1380.3363,1140.2103,9884.2578,2361.2893
2024-02-01,1409.6506,3546.6641,702.0402,1527.0433,380.1649,3308.0332,1370.1184,1121.218,10321.9072,2353.7249
2024-02-02,1440.3307,3649.8667,692.3692,1560.4952,377.7616,3286.6643,1378.5847,1120.8285,10338.8887,2333.7424
2024-02-05,1421.8782,3656.3083,691.7468,1554.8276,376.0019,3253.2725,1424.4677,1084.5486,10118.7275,2302.2463
2024-02-06,1410.787,3806.0278,691.3878,1593.7628,370.2939,3333.5881,1435.464,1104.5148,10522.6602,2308.7644
2024-02-07,1424.9659,3757.6243,684.6131,1560.8636,370.6372,3304.8206,1455.9971,1104.7582,10610.8125,2307.9077
2024-02-08,1432.8459,3804.2795,671.7343,1559.3431,361.261,3247.188,1459.3059,1112.4038,10424.7109,2299.915
2024-02-09,1443.3442,3803.9116,671.9976,1538.3781,362.0888,3236.5281,1502.074,1091.0742,10413.9873,2306.6707
2024-02-12,1435.0444,3791.9485,665.4864,1548.2848,354.5508,3212.1899,1501.7314,1089.5646,10391.5264,2270.0366
2024-02-13,1447.6423,3818.4512,667.6169,1552.3859,354.4637,3233.5588,1509.3162,1088.7367,10473.8066,2277.9822
2024-02-14,1463.7235,3772.9919,662.6378,1535.4752,358.6466,3221.3896,1487.981,1086.7887,10700.3213,2272.2253
2024-02-15,1453.077,3775.8445,677.0007,1544.8289,351.98,3212.9199,1477.705,1091.5125,10760.7695,2236.9233
2024-02-16,1443.1714,3798.9421,679.8015,1568.144,352.5901,3297.0808,1477.7538,1090.8307,11042.2998,2260.1406
2024-02-19,1456.4364,3776.3965,678.4611,1566.3931,356.6423,3251.4229,1497.4742,1112.4524,11142.1904,2271.4641
2024-02-20,1453.4969,3709.0823,696.2711,1553.0308,353.8972,3267.8755,1505.8907,1114.1569,11106.3887,2287.5928
2024-02-21,1450.2115,3673.0559,689.0178,1525.6609,351.5007,3209.123,1510.4906,1110.2124,11125.2109,2290.4473
2024-02-22,1464.0941,3761.0293,679.634,1549.4366,361.1738,3274.6899,1524.8282,1105.9758,11311.458,2272.3682
2024-02-23,1475.8276,3728.8215,680.1367,1545.2898,358.516,3298.2493,1527.96,1096.431,11192.8887,2278.0771
2024-02-26,1469.6027,3681.844,680.9506,1529.9,356.5987,3378.2727,1523.7517,1081.1399,11126.3271,2287.7356
2024-02-27,1467.9476,3776.9487,679.9213,1533.0792,358.298,3413.6116,1549.0015,1098.1354,11158.9775,2288.7344
2024-02-28,1438.2804,3790.3381,674.7745,1540.1292,355.8144,3378.3213,1540.2915,1099.3528,10821.4609,2304.197
2024-02-29,1443.3938,3768.3909,671.9019,1542.571,354.0715,3385.4771,1544.304,1094.0935,10952.9844,2295.3953
2024-03-01,1474.3455,3767.7009,684.9962,1524.8776,356.8601,3537.2979,1526.0026,1099.3041,11275.7031,2292.9209
2024-03-04,1489.4385,3755.1394,685.9297,1508.7505,356.5115,3547.958,1519.005,1103.9791,11249.6992,2304.6252
2024-03-05,1482.3243,3692.0127,689.8317,1480.4592,353.9408,3516.9514,1540.6337,1138.4573,11323.8779,2283.5486
2024-03-06,1485.0908,3740.0479,690.6695,1490.6423,355.4222,3545.7676,1569.7983,1162.6112,11223.4043,2284.4526
2024-03-07,1461.3029,3780.814,692.3452,1489.6285,360.3895,3579.5974,1571.4622,1168.4548,11168.0986,2302.2939
2024-03-11,1449.1246,3793.4668,683.5839,1475.0219,356.773,3544.2102,1559.6202,1165.4357,11057.0,2274.0334
2024-03-12,1457.8445,3857.7905,698.7847,1486.4031,352.4593,3525.7615,1550.5186,1172.8866,11167.9531,2262.9004
2024-03-13,1415.1099,3817.991,699.1916,1484.9749,368.1455,3444.8621,1525.3665,1138.311,11051.7607,2200.5269
2024-03-14,1414.4181,3871.9153,696.8217,1523.5874,365.7054,3512.6677,1536.7191,1163.4878,11065.7812,2221.4607
2024-03-15,1401.326,3882.6357,695.4812,1505.8015,365.2261,3443.499,1515.1882,1188.2263,11135.6914,2214.8953
2024-03-18,1422.3229,3821.2112,692.3214,1476.9113,363.7882,3466.9121,1537.7467,1193.3883,11290.5977,2188.4897
2024-03-19,1408.2673,3659.9885,693.9012,1438.9435,356.9037,3408.9875,1515.4327,1196.3588,11252.5127,2157.0894
2024-03-20,1426.5469,3654.0991,685.1398,1432.9535,362.2632,3416.7759,1516.3137,1199.719,11586.3916,2133.3005
2024-03-21,1433.6858,3655.9856,692.1776,1432.723,367.0997,3465.7441,1531.8257,1189.0055,11554.3721,2133.6814
2024-03-22,1437.6875,3598.8865,690.7892,1390.4706,373.5049,3522.0137,1574.5939,1203.907,11971.1602,2147.1934
2024-03-26,1424.3978,3568.1509,682.4348,1375.5415,372.677,3572.929,1564.0243,1181.5059,11886.5986,2131.4453
2024-03-27,1475.0618,3534.4712,689.7599,1367.4319,372.9821,3608.2681,1569.9454,1192.9014,12138.6807,2131.1594
2024-03-28,1468.1453,3567.0466,693.207,1380.5178,373.2871,3664.2454,1585.9956,1196.6023,12226.0068,2154.6155
2024-04-01,1467.083,3604.2698,704.0271,1378.1217,371.8492,3736.3835,1594.5099,1185.6453,12196.1699,2175.1206
2024-04-02,1469.2321,3573.9485,708.6472,1366.5104,371.1084,3706.5938,1587.6594,1176.7823,12179.5303,2175.8821
2024-04-03,1454.0651,3632.3826,709.6767,1364.483,370.5419,3682.3044,1585.3104,1193.7778,12058.6309,2155.4241
2024-04-04,1445.4934,3683.9148,731.3648,1370.0583,368.4069,3697.2966,1584.821,1175.4187,12193.8906,2155.1858
2024-04-05,1442.702,3661.7832,741.8737,1363.0546,372.5899,3643.9961,1574.6919,1159.9816,12052.5674,2157.0894
2024-04-08,1468.2687,3655.6177,740.4614,1360.8429,373.9406,3707.032,1565.59,1173.3247,12482.8906,2158.9922
2024-04-09,1446.2098,3631.6921,741.395,1377.5688,371.5442,3685.0305,1568.3794,1173.0812,12505.1113,2154.4246
2024-04-10,1461.9451,3666.7524,735.554,1388.5813,380.7816,3653.8286,1569.8474,1197.3815,12305.958,2151.3325
2024-04-12,1449.6682,3682.1663,727.2234,1368.2612,374.8121,3581.8367,1507.1631,1193.6318,11902.123,2124.1187
2024-04-15,1447.3707,3626.769,715.6133,1352.9637,371.152,3505.4639,1507.212,1192.6578,12053.7793,2087.7222
2024-04-16,1448.2847,3563.8257,722.5794,1303.4768,371.152,3449.6321,1504.7654,1184.7687,12131.2578,2113.1758
2024-04-18,1446.8767,3553.8875,715.6133,1307.9001,365.0082,3456.9336,1484.0664,1232.7848,12036.4609,2107.4663
2024-04-19,1452.6077,3520.9434,733.1362,1300.5278,370.1498,3425.1968,1490.3298,1255.4292,12333.3213,2123.4524
2024-04-22,1462.2167,3556.28,723.9917,1320.3411,370.6292,3517.0486,1507.2609,1263.7567,12405.6562,2132.8726
2024-04-23,1441.9364,3565.5745,721.7894,1329.234,374.0278,3514.5659,1452.9933,1307.3898,12610.1445,2153.0925
2024-04-24,1432.8954,3525.4067,723.7524,1318.4979,373.7663,3538.6121,1454.0698,1301.5947,12559.4951,2150.7141
2024-04-25,1442.5785,3544.8696,723.2975,1325.5936,381.3044,3555.6003,1487.7363,1303.8348,12538.5859,2122.739
2024-04-26,1435.2421,3516.481,722.8427,1318.0372,383.4395,3509.7473,1474.4264,1291.4656,12325.9463,2114.9358
2024-04-29,1447.5684,3561.4336,732.2745,1322.1842,381.8708,3538.0769,1489.1554,1297.7477,12312.8477,2118.2188
2024-04-30,1449.5199,3515.8364,727.774,1309.0984,379.6487,3499.136,1470.0712,1287.8621,12436.7061,2122.3579
2024-05-02,1449.0752,3555.084,733.591,1303.4768,382.568,3504.1982,1486.611,1270.0873,12424.916,2118.4089
2024-05-03,1416.9131,3536.7712,727.5346,1305.1818,380.3458,3407.1379,1478.9283,1244.1315,12121.0215,2109.6074
2024-05-06,1402.6106,3608.2266,728.9949,1314.0284,378.8643,3371.6045,1496.5444,1249.975,12069.7412,2146.8599
2024-05-07,1384.7756,3661.5071,721.0952,1327.8977,383.7444,3336.9956,1483.0387,1252.6536,11996.7266,2264.0896
2024-05-08,1401.6472,3659.6667,709.8442,1315.3187,384.311,3394.531,1489.3022,1255.0397,12170.8945,2227.5981
2024-05-09,1377.5132,3644.2532,693.0155,1326.6075,370.4548,3188.7278,1462.78,1242.2321,12133.1504,2212.9441
2024-05-10,1390.6548,3583.2424,697.82,1313.1069,377.6443,3184.8337,1474.4264,1267.2628,12298.9238,2248.0562
2024-05-13,1385.9861,3632.8425,706.2401,1311.7706,376.3372,3206.6409,1492.532,1252.4586,12297.3232,2246.248
2024-05-14,1403.1539,3589.9604,709.0063,1312.9227,374.4635,3289.9744,1512.301,1250.8517,12433.5039,2235.7339
2024-05-15,1399.3994,3570.8196,698.1113,1308.5453,372.8078,3320.981,1494.8318,1275.7849,12387.9971,2210.7083
2024-05-16,1408.3661,3615.8208,708.6666,1339.3248,375.9885,3368.9758,1503.5421,1310.0681,12126.3584,2229.5962
2024-05-17,1418.5929,3553.8569,710.535,1330.985,380.2151,3359.3867,1498.7463,1309.4351,12265.9346,2207.9016
2024-05-21,1419.0128,3540.9729,707.9629,1321.6312,378.9079,3349.8459,1508.0927,1309.2891,12102.7314,2198.7188
2024-05-22,1443.2455,3551.9104,708.157,1340.661,383.3524,3369.2192,1506.478,1312.7953,12159.0557,2252.1953
2024-05-23,1468.3429,3608.8691,724.3661,1356.8802,384.616,3490.4712,1463.2205,1338.2643,12550.6182,2267.0396
2024-05-24,1462.6119,3568.1316,736.3047,1350.153,380.128,3529.8992,1454.9996,1352.3379,12614.2207,2254.2415
2024-05-27,1448.7788,3565.8608,741.4005,1355.9126,376.0321,3555.3079,1434.7899,1348.2959,12522.6719,2268.9424
2024-05-28,1438.8485,3559.2334,742.7593,1351.95,373.8535,3561.344,1433.6644,1335.3424,12437.7725,2279.8376
2024-05-29,1423.6074,3525.6331,731.9855,1337.1132,375.5529,3538.5635,1447.4148,1341.2347,12408.7119,2258.3806
2024-05-30,1407.8721,3463.02,735.1642,1315.4568,369.3655,3538.4661,1427.988,1341.2834,12223.7275,2237.4465
2024-05-31,1413.356,3402.6316,743.2688,1322.4597,371.6313,3572.1504,1428.6732,1336.998,12030.9287,2216.1797
2024-06-03,1492.3286,3432.2007,762.9965,1321.5198,375.03,3793.9673,1422.0671,1354.8701,12105.4971,2241.7285
2024-06-04,1380.6257,3443.4629,719.7801,1310.005,368.4968,3313.0955,1399.3618,1265.8505,11814.3115,2375.3247
2024-06-05,1403.8209,3472.6138,753.0963,1344.2672,381.8983,3318.7422,1455.5868,1309.3376,12131.1611,2476.6157
2024-06-06,1414.5416,3550.4275,756.9301,1383.8877,386.4247,3390.3447,1441.2981,1334.9041,12296.9834,2426.0415
2024-06-07,1452.4346,3609.3325,763.5545,1441.5553,389.7529,3438.9722,1474.72,1388.1307,12430.3018,2452.875
2024-06-10,1453.8674,3576.6592,757.7067,1409.7371,387.7559,3449.9243,1480.8365,1388.91,12339.7256,2441.0281
2024-06-11,1439.318,3570.5415,759.4053,1405.9771,384.2946,3503.4192,1467.7714,1390.0786,12481.4854,2432.4644
2024-06-12,1445.8885,3551.5859,763.9428,1396.0603,383.6733,3534.1829,1474.72,1400.9382,12467.6094,2406.1541
2024-06-13,1447.7908,3594.6873,767.1459,1404.285,381.8983,3605.5906,1478.5857,1388.6178,12465.1826,2366.8555
2024-06-14,1459.9442,3551.9573,774.9835,1399.5382,382.6527,3590.1604,1483.6748,1390.2247,12463.583,2382.5649
2024-06-18,1463.3778,3536.2461,780.2734,1408.28,380.5227,3591.5232,1488.5193,1391.15,12187.7773,2388.8103
2024-06-19,1441.2694,3523.8252,804.5628,1420.6406,375.9963,3494.9011,1471.9307,1356.0875,11878.4004,2360.7068
2024-06-20,1456.14,3510.4319,810.1439,1424.4476,375.6857,3526.7891,1439.6344,1345.1793,11788.5508,2384.9189
2024-06-21,1436.8723,3532.2139,808.3968,1440.7094,372.4019,3468.4585,1435.9642,1379.1704,11839.0068,2345.6221
2024-06-24,1424.299,3537.822,811.624,1435.4924,375.6857,3465.1223,1462.6333,1382.8228,11821.4434,2346.4866
2024-06-25,1436.823,3557.8892,830.5267,1449.4043,375.6857,3520.2644,1473.1051,1378.099,11756.6279,2336.8784
2024-06-26,1495.9845,3574.0176,825.7465,1448.2291,376.2625,3535.1294,1488.715,1421.4888,11835.8525,2349.7534
2024-06-27,1512.3127,3646.594,823.15,1478.9196,377.727,3497.3049,1483.9194,1437.3643,11816.9316,2365.6545
2024-06-28,1546.7474,3618.7869,817.1566,1472.7157,377.1057,3481.655,1488.4214,1406.4412,11676.3359,2376.1274
2024-07-01,1541.5599,3687.4248,827.542,1495.3224,380.7889,3460.1675,1487.6874,1416.132,11748.915,2406.9216
2024-07-02,1546.525,3723.7593,839.8688,1523.7567,377.6382,3558.2358,1491.5532,1381.9949,11684.8262,2387.7532
2024-07-03,1533.927,3675.4211,858.3347,1529.7257,380.1233,3546.3147,1501.2421,1382.8713,11763.4697,2411.9658
2024-07-04,1535.5079,3727.0498,838.1945,1551.5802,380.7889,3506.0376,1524.6815,1385.988,11730.4307,2398.1301
2024-07-05,1569.6956,3718.5686,799.8311,1548.5723,384.8715,3558.8738,1534.9575,1392.4647,11744.4502,2447.1792
2024-07-08,1581.8243,3701.3284,793.6435,1561.92,393.7023,3563.6323,1523.2134,1397.7729,11666.3916,2485.7556
2024-07-09,1571.326,3694.1909,794.2016,1557.6901,401.6899,3597.0908,1551.595,1398.1626,12446.6025,2488.6379
2024-07-10,1565.348,3623.4214,789.1544,1549.3242,400.6693,3581.3428,1564.4647,1407.4152,12393.333,2508.1426
2024-07-11,1561.8157,3636.908,787.1162,1553.507,407.0594,3552.9377,1548.0228,1400.5,12337.4443,2506.6055
2024-07-12,1577.6991,3878.1365,787.5043,1609.0131,407.4144,3580.656,1548.5629,1395.9224,12189.2812,2519.4802
2024-07-15,1578.1932,3864.4641,787.2132,1604.5952,411.2751,3582.8635,1557.3007,1400.1591,12268.3115,2517.6067
2024-07-16,1557.4681,3873.0378,786.0727,1622.4548,413.1833,3568.0969,1550.5264,1428.3064,12264.042,2583.0857
2024-07-18,1567.7689,4000.1172,783.6705,1652.5343,417.3546,3587.3767,1565.2041,1445.0099,12268.4082,2631.0779
2024-07-19,1536.6195,3997.1907,780.0308,1685.3396,421.1709,3550.3865,1540.0704,1423.6801,12152.2158,2620.125
2024-07-22,1482.7937,3983.208,797.1377,1702.1652,414.0708,3582.7163,1558.4297,1427.2351,12265.6914,2628.0996
2024-07-23,1470.1708,3997.1438,785.4176,1726.6516,436.8356,3471.4509,1572.42,1427.5272,12253.8535,2657.9326
2024-07-24,1477.8778,4000.7666,778.4535,1723.8788,438.4775,3453.2009,1589.9449,1417.3007,12116.2666,2610.5647
2024-07-25,1474.6173,4015.8645,784.5439,1715.325,434.8387,3551.0244,1635.4504,1411.4083,12137.5645,2601.1008
2024-07-26,1491.0442,4076.5784,785.2963,1766.131,445.7108,3610.6306,1683.0178,1474.959,12287.4746,2604.8
2024-07-29,1501.9871,4070.3079,778.9388,1758.7992,440.2525,3703.8916,1691.8536,1442.7697,12372.7148,2605.3284
2024-07-30,1495.12,4055.6748,784.0345,1764.4858,434.7943,3713.4089,1670.5983,1432.0562,12491.1875,2585.9199
2024-07-31,1487.4869,4074.2556,784.1315,1756.1201,439.6313,3743.1877,1688.0247,1452.7042,12726.1426,2599.6116
2024-08-01,1497.2445,4085.1724,795.3178,1741.4094,438.1669,3708.1597,1683.9503,1466.2906,12962.166,2609.1238
2024-08-02,1481.4597,3979.2131,805.1938,1711.894,434.0843,3596.6982,1700.1008,1454.8955,12464.9463,2587.0254
2024-08-05,1430.0793,3860.2932,784.1315,1646.7534,431.333,3461.5901,1689.0066,1427.5272,11950.1924,2609.4597
2024-08-06,1438.7003,3875.2976,777.0703,1646.0013,431.5993,3508.8828,1676.4399,1405.9542,11881.876,2642.2717
2024-08-07,1447.3707,3902.4724,787.8926,1684.1177,437.235,3569.7649,1702.8496,1412.0262,12117.3369,2636.5066
2024-08-08,1431.8578,3876.5515,797.2105,1638.5284,439.0988,3486.6592,1705.4025,1421.8691,11967.8232,2626.0815
2024-08-09,1456.7329,3928.7649,800.8503,1664.4719,440.1194,3524.4346,1703.6843,1433.9155,11973.0635,2639.5332
2024-08-12,1443.2208,3898.0127,805.6548,1689.5225,438.9656,3504.7129,1702.2607,1428.5289,12021.1055,2640.9744
2024-08-13,1446.1852,3899.2214,778.041,1689.5695,434.8831,3484.9424,1708.3967,1429.6062,11926.0986,2633.9604
2024-08-14,1444.4312,3990.5476,780.2734,1713.821,436.8356,3478.4663,1709.9186,1441.3589,11954.8945,2615.3689
2024-08-16,1460.5864,4102.7778,792.0662,1747.3782,446.1101,3501.1807,1710.9985,1452.9647,11962.3877,2640.542
2024-08-19,1475.6562,4171.4819,791.7994,1752.8772,445.0451,3488.1311,1715.9565,1439.3512,11900.1914,2635.0654
2024-08-20,1483.1416,4202.4199,794.7839,1759.8329,442.6932,3505.4487,1734.1686,1419.2738,11964.0029,2643.2324
2024-08-21,1485.8434,4228.6187,789.0089,1760.303,448.5508,3528.3594,1732.4995,1433.2789,11969.8809,2681.8086
2024-08-22,1485.298,4182.6309,791.678,1767.3999,447.7964,3538.6123,1718.7545,1455.7068,12024.1416,2683.3462
2024-08-23,1487.1322,4147.2339,788.6448,1750.3392,448.9058,3530.812,1743.3975,1475.6863,12049.5586,2705.2527
2024-08-26,1499.6492,4183.0483,795.8759,1763.546,448.817,3573.3462,1740.1575,1482.3462,11992.2607,2710.585
2024-08-27,1487.6031,4178.125,794.8082,1786.0585,444.2907,3633.0015,1756.7987,1491.3564,12240.1611,2658.4607
2024-08-28,1485.4717,4186.3926,794.4928,1822.7178,441.3619,3619.6086,1778.8396,1524.2637,12103.624,2656.011
2024-08-29,1507.9028,4191.7358,795.1965,1817.3129,448.2845,3614.114,1766.42,1533.6168,12197.9463,2676.092
2024-08-30,1496.6996,4230.7095,794.3958,1827.0416,445.4445,3634.915,1788.4611,1556.2897,12148.1904,2669.1262
2024-09-02,1503.2679,4200.3286,789.5669,1846.5934,452.6777,3613.7708,1782.8649,1538.9545,12172.0889,2679.7432
2024-09-03,1496.2039,4192.2466,794.6141,1824.7388,452.1009,3620.6877,1778.4958,1528.4261,12142.4102,2684.7874
2024-09-04,1501.5824,4161.4946,796.7737,1807.0669,449.3939,3582.0786,1799.4569,1529.6993,12082.8105,2729.8972
2024-09-05,1480.1921,4158.4292,798.545,1817.1249,453.6984,3555.9302,1793.2227,1515.3024,12045.9346,2727.207
2024-09-06,1452.2831,4140.5908,794.42,1787.7035,445.267,3507.4602,1791.3082,1507.5162,11935.7949,2727.6873
2024-09-09,1449.9285,4133.9014,799.0547,1780.9357,454.1866,3510.9434,1788.6573,1510.8462,11896.2246,2807.2905
2024-09-10,1449.0115,4188.0664,800.9231,1797.5264,455.8285,3528.4573,1802.8933,1545.3204,12011.458,2784.9995
2024-09-11,1439.0723,4161.5879,797.7928,1795.5054,456.494,3470.3716,1812.0729,1545.2715,11991.085,2790.332
2024-09-12,1467.1299,4197.2173,808.8093,1833.3866,461.0648,3553.8208,1831.4139,1612.8,12146.084,2840.5342
2024-09-13,1460.0164,4201.7695,808.4938,1827.4177,456.0503,3544.99,1819.9763,1600.7535,12063.0264,2818.0032
2024-09-16,1458.7523,4193.083,810.9203,1833.1986,453.6097,3593.313,1829.0085,1601.7329,12036.5322,2754.7339
2024-09-17,1459.6942,4186.0225,809.877,1835.3606,450.6365,3625.6428,1832.1012,1627.4907,11994.1709,2760.8833
2024-09-18,1450.9198,4037.8362,822.4949,1778.5857,450.2815,3660.2292,1802.5496,1620.782,11953.376,2763.1414
2024-09-19,1457.0917,3991.3838,829.1436,1780.5126,451.0802,3614.3594,1812.4165,1630.5269,12097.748,2797.6343
2024-09-20,1473.2025,3980.9316,845.013,1791.3695,456.5385,3722.4849,1831.7576,1676.46,12355.3457,2860.9036
2024-09-23,1480.5887,3965.6951,854.0397,1782.6276,458.8016,3716.4016,1828.7631,1714.3621,12422.5352,2909.8567
2024-09-24,1476.6229,3968.2964,858.0435,1784.6486,457.2929,3720.2283,1834.0647,1720.4342,12476.8955,2834.9136
2024-09-25,1481.1587,3971.502,863.4061,1781.5466,459.3341,3722.436,1836.4701,1724.1071,12522.6357,2833.3762
2024-09-26,1485.1245,3987.9924,865.5172,1786.1996,463.9492,3691.3323,1863.8129,1734.5863,13108.8408,2869.0706
2024-09-27,1513.1079,4003.0432,850.5698,1792.3094,463.9048,3635.896,1913.1962,1698.8387,13218.3428,2849.9983
2024-09-30,1463.9325,3965.6951,840.5725,1763.0291,459.8666,3606.3628,1891.597,1674.3053,12966.0352,2842.3601
2024-10-01,1452.2831,3983.719,837.7334,1790.0533,458.136,3584.7278,1884.97,1663.679,12895.5146,2809.1638
2024-10-03,1394.9285,3932.4817,816.2829,1779.7606,455.0741,3431.8113,1876.0358,1638.9496,12387.5195,2779.9556
2024-10-04,1374.6536,3950.5984,804.4658,1803.0251,446.9089,3428.1809,1875.2504,1607.0707,12346.7754,2737.1033
2024-10-07,1358.9888,3969.7363,785.1264,1818.2061,452.8109,3403.063,1870.5378,1627.7845,12270.1328,2722.3547
2024-10-08,1385.3857,3951.5276,801.2628,1831.6007,450.814,3465.9072,1882.2211,1623.2794,12274.4912,2708.3271
2024-10-09,1362.8307,3951.2485,792.5759,1835.5486,436.3918,3421.46,1895.6715,1643.5037,12498.542,2660.4307
2024-10-10,1359.311,3927.5107,806.7709,1803.8242,436.7025,3395.2136,1853.3567,1643.5037,12678.1738,2646.7393
2024-10-11,1360.3521,3854.8584,801.2385,1818.9579,433.2856,3416.9958,1867.2979,1652.6119,12514.1641,2674.1223
2024-10-14,1360.7734,3843.1987,819.2433,1841.3295,441.0513,3488.1311,1874.9559,1660.6428,12280.2695,2679.791
2024-10-15,1332.5175,3824.7566,817.3021,1841.7056,442.4713,3485.0403,1863.8617,1681.8466,12191.041,2672.4409
2024-10-16,1342.4814,3804.4565,824.9214,1804.8583,437.7231,3466.1035,1863.9109,1698.2023,12129.4824,2672.2488
2024-10-17,1344.8113,3817.5103,811.988,1849.9773,433.9068,3503.094,1855.1239,1666.0785,11894.2656,2631.3181
2024-10-18,1347.6616,3839.9082,816.2101,1766.7888,431.9543,3510.4529,1875.5449,1672.6403,11856.4102,2610.6128
2024-10-21,1357.4769,3799.675,838.9467,1741.5504,429.2473,3518.106,1862.4381,1657.6559,11925.7568,2587.9858
2024-10-22,1331.8481,3739.7439,832.0797,1740.4694,427.6054,3445.7932,1853.1605,1657.3619,11678.3447,2576.6001
2024-10-23,1327.0645,3787.0093,842.3925,1760.9611,426.3185,3390.3567,1805.8384,1651.0449,11710.5703,2555.0784
2024-10-24,1328.3287,3769.9192,849.1139,1751.5143,418.6415,3377.8467,1815.2146,1643.8463,11522.0244,2406.9216
2024-10-25,1316.4808,3778.9067,846.0807,1750.2924,428.0492,3263.7849,1826.505,1631.6531,11266.5322,2428.9722
2024-10-28,1322.9252,3809.9199,841.6159,1753.3942,429.6911,3277.9141,1868.2307,1629.0577,11247.335,2474.8506
2024-10-29,1328.5269,3795.3909,850.1815,1748.5933,433.0637,3317.259,1837.501,1603.349,10819.0684,2447.8037
2024-10-30,1332.3936,3804.1453,841.8101,1713.2278,436.2587,3344.1926,1818.3563,1599.6761,11025.1953,2454.8179
2024-10-31,1320.645,3695.925,842.3438,1670.5896,433.818,3554.115,1815.2146,1579.354,10848.8936,2429.1643
2024-11-01,1327.1885,3710.5933,843.1204,1674.012,435.1493,3558.0889,1824.5415,1583.1246,10881.7539,2438.0515
2024-11-04,1291.001,3691.9207,831.8612,1676.674,430.0905,3507.1655,1775.9434,1558.4442,10825.3867,2425.8494
2024-11-05,1294.124,3698.6262,853.0934,1667.6899,426.1854,3507.5093,1770.7399,1545.8591,10940.6191,2422.5347
2024-11-06,1314.0023,3855.3682,851.8315,1733.7626,426.9841,3576.8291,1794.1553,1565.8386,11120.9863,2430.6509
2024-11-07,1294.4711,3865.8455,847.6094,1714.131,424.1441,3577.9087,1758.3203,1543.3127,11067.998,2406.1565
2024-11-08,1272.7584,3862.2136,851.4433,1739.7043,424.2772,3591.3999,1776.6305,1537.5344,11070.7891,2437.4546
2024-11-11,1261.803,3910.3633,857.1942,1768.3674,423.301,3560.542,1761.9039,1528.3772,11165.502,2421.271
2024-11-12,1263.3398,3909.1521,833.851,1776.6384,419.6621,3523.7478,1768.0399,1523.5782,10914.1738,2392.5488
2024-11-13,1241.33,3865.3333,815.9675,1776.2582,419.0853,3481.1646,1746.5881,1518.4854,10822.5947,2395.9021
2024-11-14,1256.7468,3861.1892,821.5,1772.598,413.5383,3459.8733,1735.9847,1518.5343,10779.9385,2322.2739
2024-11-18,1249.9554,3743.4697,827.4935,1722.1166,414.0708,3475.4736,1715.9075,1505.3126,10866.0342,2355.0298
2024-11-19,1231.0189,3762.1426,845.5226,1734.7607,414.7808,3439.906,1744.8699,1494.0497,10734.1494,2342.8315
2024-11-21,1212.5287,3793.1558,845.013,1743.6022,405.7281,3417.928,1747.5698,1493.707,10638.3105,2316.0532
2024-11-22,1254.5656,3953.1116,847.1484,1808.4388,421.2597,3535.6689,1762.5911,1536.9468,10836.3066,2376.7539
2024-11-25,1275.9806,4018.7698,866.5605,1796.5077,423.1678,3682.355,1766.1256,1546.2019,10798.6475,2402.22
2024-11-26,1284.6062,4053.7874,866.5363,1829.2588,423.3454,3632.9036,1729.5051,1544.7328,10719.1152,2409.7529
2024-11-27,1282.1276,4035.0212,879.5182,1829.5914,423.301,3629.0769,1717.5764,1545.1246,10831.1641,2417.2371
2024-11-28,1259.9194,3953.3901,870.2246,1765.0875,421.4815,3597.0417,1702.6533,1528.2302,10724.8936,2393.2292
2024-11-29,1281.1361,3977.5586,871.632,1766.2284,423.1234,3654.6858,1748.4535,1593.6041,10846.6895,2426.228
2024-12-02,1297.9412,3982.9602,875.8299,1787.0959,423.5228,3634.3262,1775.5997,1609.715,11008.3975,2409.7041
2024-12-03,1311.9698,4007.2683,886.3124,1798.7893,419.3959,3715.7639,1767.2545,1587.1403,11047.5264,2413.3008
2024-12-04,1297.7427,4055.3708,902.7157,1796.08,414.559,3718.5601,1767.4017,1551.4417,10901.1953,2395.4648
2024-12-05,1310.7306,4157.4907,905.4578,1839.431,414.9139,3759.4263,1780.4103,1582.0474,10952.5186,2424.7219
2024-12-06,1300.3204,4140.2153,900.6532,1827.5951,418.1534,3793.9143,1771.967,1564.9081,11085.4326,2414.2241
2024-12-09,1284.0609,4146.4077,907.5203,1828.7834,412.6508,3872.9976,1773.7343,1569.5112,11048.0654,2333.5005
2024-12-10,1273.849,4128.1543,906.5982,1852.4556,413.0945,3849.302,1776.9741,1546.104,10968.1426,2330.196
2024-12-11,1267.256,4123.4048,904.1717,1876.793,412.917,3843.0225,1780.9503,1553.3024,11046.0566,2334.0837
2024-12-12,1252.087,4149.0156,902.3032,1889.0092,408.7901,3787.2424,1772.5562,1577.3464,10937.9746,2279.2637
2024-12-13,1261.9519,4166.6641,908.3696,1901.0829,417.1327,3813.8325,1780.4103,1647.0784,11040.9639,2323.1487
2024-12-16,1257.4409,4111.9956,905.1908,1882.402,417.2215,3804.8547,1776.827,1628.2743,11045.3232,2299.8694
2024-12-17,1234.6377,4031.2493,889.6854,1879.1222,416.7333,3735.5344,1756.455,1581.9984,10880.334,2297.051
2024-12-18,1242.5197,4049.271,878.7417,1881.5464,417.5765,3687.408,1768.2365,1568.8748,10776.4131,2293.1143
2024-12-19,1219.9148,3978.5361,870.3945,1850.2213,414.0708,3646.3948,1790.0809,1567.3076,10730.2803,2293.7463
2024-12-20,1194.9802,3883.9131,859.7177,1827.3573,412.3846,3561.5232,1775.894,1545.5653,10677.0967,2268.5229
2024-12-23,1211.8347,3872.7375,874.0343,1829.4015,420.9047,3571.9727,1781.5394,1554.184,10599.6699,2273.3831
2024-12-24,1212.2808,3892.4817,872.6268,1814.9034,424.6322,3571.2366,1785.8593,1551.2457,10516.0244,2270.1267
2024-12-26,1206.1339,3882.7961,869.0599,1813.3348,423.301,3561.1797,1807.802,1566.5242,10672.1504,2267.4053
2024-12-27,1210.5955,3878.8379,872.6996,1822.2236,424.7654,3540.1826,1827.3396,1566.8668,10716.2744,2275.6672
2024-12-30,1200.334,3873.2031,862.8237,1812.0039,423.3454,3511.5811,1849.5768,1554.184,10577.0938,2277.8542
2024-12-31,1205.0432,3813.5984,860.3729,1787.286,429.2473,3539.7407,1851.9822,1555.0164,10635.3223,2261.6707
2025-01-01,1210.7936,3830.0366,865.1774,1789.6627,429.5136,3598.4644,1855.5165,1562.8025,10978.0342,2257.0537
2025-01-02,1231.1677,3888.9895,870.5158,1861.2969,434.0399,3643.5984,1843.7844,1576.5138,11598.0293,2303.6116
2025-01-03,1240.4377,3818.3481,848.8954,1843.1388,427.4279,3591.0071,1815.9509,1565.8875,11689.0703,2338.8462
2025-01-06,1207.5714,3813.7847,830.1141,1842.2831,407.9893,3535.3745,1813.7418,1555.7019,11514.1396,2309.6379
2025-01-07,1230.2257,3751.6653,831.5215,1835.6284,406.5607,3574.72,1819.6326,1558.0525,11480.4951,2323.8293
2025-01-08,1254.6648,3826.2644,822.2523,1837.8149,414.3491,3528.6538,1804.2677,1566.2302,11579.126,2333.7434
2025-01-09,1244.0067,3761.4907,809.3916,1822.7466,414.856,3461.4919,1793.0753,1573.9185,11499.3496,2367.1797
2025-01-10,1231.2668,3972.7156,804.029,1869.948,410.0631,3469.5867,1752.2825,1582.5861,11392.1475,2373.6438
2025-01-13,1229.2344,3996.4177,791.4597,1865.4323,404.6712,3399.0891,1715.0729,1564.2715,11261.4893,2382.343
2025-01-14,1228.1438,3942.354,799.1031,1844.3748,402.4131,3397.4214,1738.5865,1567.1117,11499.9375,2301.6191
2025-01-15,1241.4785,3957.7678,797.3803,1853.5012,403.1044,3435.4907,1724.8417,1574.3102,11701.9502,2306.5281
2025-01-16,1255.6066,3917.4412,801.7481,1833.3467,398.9567,3441.8684,1731.1742,1596.5912,11843.873,2279.3123
2025-01-17,1291.1992,3911.7502,794.3229,1725.9193,405.7312,3501.4749,1754.0006,1593.9469,11887.0176,2288.0601
2025-01-20,1294.2727,3867.647,801.3598,1723.8756,403.4269,3525.3665,1745.8518,1607.3154,11773.1064,2279.5066
2025-01-21,1262.7946,3827.8591,797.0649,1711.8967,403.2887,3474.4438,1730.585,1592.6246,11639.5586,2274.9382
2025-01-22,1266.1654,3942.3862,808.5424,1764.8973,402.7817,3451.9746,1766.1746,1598.1093,11773.4004,2277.3196
2025-01-23,1252.8306,3931.8108,807.9843,1773.4535,405.7312,3437.3059,1800.1932,1602.2717,11798.2803,2256.6646
2025-01-24,1235.6293,3938.355,800.6562,1782.9604,407.0216,3393.104,1789.001,1610.8903,11722.0293,2301.7651
2025-01-27,1218.8242,3855.6487,790.95,1732.1465,405.639,3392.5642,1754.295,1569.5602,11747.4453,2325.8218
2025-01-28,1223.8312,3832.0796,810.6534,1739.5143,401.3531,3349.6379,1674.4271,1584.9855,11874.6768,2321.9338
2025-01-29,1224.9216,3888.5129,814.002,1788.4744,399.4175,3384.7639,1703.7333,1567.4545,11731.8242,2317.1709
2025-01-30,1242.3214,3888.7502,820.8933,1768.2247,402.0444,3356.5552,1707.4149,1606.9237,11753.4688,2341.2764
2025-01-31,1254.2682,3900.4639,824.4118,1787.0959,412.4596,3500.2483,1712.1765,1592.7716,12057.7373,2399.6443
2025-02-01,1253.7725,3863.2366,820.6263,1760.049,426.3311,3382.6055,1710.4584,1589.7845,12651.1406,2435.8508
2025-02-03,1235.2327,3858.9688,814.3418,1771.4098,418.7732,3227.2852,1708.8877,1618.2845,12870.0,2373.5464
2025-02-04,1274.196,3895.3889,835.1614,1805.1591,419.5105,3374.4126,1733.0885,1627.1969,12840.6162,2369.7556
2025-02-05,1267.256,3880.2615,843.363,1803.4952,413.0587,3319.5159,1720.8163,1626.2175,12817.9414,2324.0723
2025-02-06,1270.5774,3872.3418,846.2991,1821.178,406.5607,3289.6389,1720.5693,1586.3567,12805.4043,2306.2361
2025-02-07,1255.8545,3821.741,840.9122,1809.7698,397.1133,3274.0872,1728.2733,1642.1815,12781.4082,2297.634
2025-02-10,1242.9163,3828.9021,832.662,1787.5713,393.7491,3265.9924,1710.7911,1658.1455,12635.7139,2295.3015
2025-02-11,1224.2772,3759.2849,825.6979,1783.1506,385.546,3178.668,1678.8391,1661.7692,12462.9375,2250.3958
2025-02-12,1206.1339,3746.5754,828.3186,1771.2671,383.7672,3227.7266,1673.0117,1676.264,12395.5518,2267.1621
2025-02-13,1205.6877,3708.637,823.9023,1752.3485,383.5799,3202.2163,1724.8658,1679.2512,12410.9785,2256.4705
2025-02-14,1206.8279,3732.0642,822.5191,1764.85,384.0948,3176.7056,1679.58,1681.6506,12419.7441,2253.4087
2025-02-17,1214.4124,3703.2781,833.4385,1751.4452,382.55,3161.2031,1693.1113,1641.0063,12500.6963,2264.1492
2025-02-18,1214.9082,3673.5916,836.2047,1760.6194,379.4136,3159.5349,1680.6664,1634.4934,12523.5176,2231.6848
2025-02-19,1216.9406,3589.083,838.2187,1721.4988,380.4903,3214.2356,1655.974,1611.282,12425.5234,2187.3621
2025-02-20,1222.443,3584.6252,818.7581,1735.1411,376.4176,3214.1377,1648.7638,1609.6171,12185.0674,2185.0779
2025-02-21,1217.6345,3590.8855,821.3787,1725.4916,375.3409,3252.6978,1623.5281,1605.4547,12070.2744,2178.8572
2025-02-24,1204.151,3486.175,813.9049,1677.1018,376.2772,3196.3782,1619.3304,1568.2871,12091.5771,2178.6626
2025-02-25,1193.6913,3442.498,816.4528,1680.5242,379.0391,3165.1765,1593.7489,1607.5603,12220.0322,2196.0127
2025-02-27,1196.7648,3426.374,825.3581,1677.292,375.9963,3149.0854,1627.2319,1616.3748,12126.25,2182.0645
2025-02-28,1189.8247,3303.7378,840.7424,1604.4696,369.8171,3104.2949,1573.6494,1537.8281,11700.4316,2128.897
2025-03-03,1161.2217,3313.0327,825.7708,1624.3389,372.1109,3137.1152,1565.5996,1562.9005,11533.6797,2115.8723
2025-03-04,1151.9518,3350.0227,829.8715,1605.04,369.6767,3152.5195,1547.2284,1542.8721,11377.6035,2096.9187
2025-03-05,1165.5345,3364.2495,820.1654,1627.0958,379.2263,3178.668,1562.9821,1584.8876,11378.6807,2109.6516
2025-03-06,1199.2434,3415.9883,820.7477,1631.2312,379.835,3198.5366,1594.144,1593.3593,11426.7236,2156.793
2025-03-07,1239.0992,3425.0935,819.8015,1602.8534,378.1497,3183.6228,1589.502,1597.0808,11424.5195,2142.7964
2025-03-10,1227.7968,3404.6541,818.9521,1617.5414,379.1795,3117.884,1591.6747,1597.3257,11348.0234,2184.7864
2025-03-11,1236.6206,3391.0439,817.9815,1579.6566,380.3031,3135.3,1634.9359,1628.666,11407.6729,2154.8489
2025-03-12,1246.2871,3325.5049,830.4296,1512.3956,386.1078,3133.5337,1656.2208,1608.9803,11400.9629,2131.4727
2025-03-13,1237.2156,3330.1047,828.2214,1501.9382,385.7801,3127.3035,1662.7397,1598.8438,11277.2578,2113.8799
2025-03-17,1228.2428,3317.4429,830.0656,1511.6353,381.9415,3113.7139,1683.3333,1605.3567,11316.3389,2110.4292
2025-03-18,1228.2428,3317.4429,830.0656,1511.6353,383.0182,3113.7139,1683.3333,1605.3567,11316.3389,2110.4292
2025-03-19,1236.4719,3316.874,846.4204,1508.3079,377.3538,3257.064,1711.0381,1603.3978,11376.918,2138.4226
2025-03-20,1258.2836,3379.5198,858.3832,1535.8778,378.1965,3287.9712,1728.7179,1670.094,11489.2119,2179.5862
2025-03-21,1265.4218,3393.6995,859.1597,1514.0121,379.6945,3351.6492,1762.5465,1690.2202,11491.7588,2183.2798
2025-03-24,1290.9513,3441.929,873.549,1514.202,384.7034,3416.3088,1762.8428,1683.3646,11677.3174,2192.9995
2025-03-25,1274.444,3469.2446,883.9587,1548.1415,383.6735,3404.2896,1743.0394,1694.8234,11625.0635,2207.6768
2025-03-26,1262.1501,3448.4258,876.7277,1520.5717,381.3797,3379.9563,1737.3108,1702.7074,11493.2285,2183.0366
2025-03-27,1267.256,3463.0317,885.8514,1524.4695,383.3459,3435.6873,1710.149,1689.1428,11481.1318,2181.7732
2025-03-28,1264.1825,3420.304,887.2346,1493.192,383.6267,3426.5623,1713.3591,1697.6637,11285.4375,2195.5752
2025-04-01,1241.8751,3367.8064,857.9464,1451.2192,380.7244,3372.1069,1677.4564,1688.6042,11245.2295,2171.2759
2025-04-02,1240.4377,3361.3093,872.0445,1473.703,382.9713,3355.5249,1692.5681,1718.4265,11475.4014,2175.2122
2025-04-03,1238.0087,3227.7654,871.0496,1422.6986,383.299,3355.77,1748.2249,1710.0039,11447.9766,2181.676
2025-04-04,1194.3853,3129.3625,881.9448,1380.0607,383.5799,3198.782,1688.3209,1707.5063,11246.1113,2181.676
2025-04-07,1155.7191,3105.3188,853.0205,1327.8679,380.1626,3010.7395,1645.85,1651.8774,11096.9893,2186.3899
2025-04-08,1172.078,3123.2449,858.5773,1358.3374,386.2482,3101.5967,1667.5793,1684.9316,11223.4863,2225.1238
2025-04-09,1175.201,3079.2839,856.5633,1334.4752,389.7591,2996.6597,1631.874,1680.1816,11222.0176,2284.1719
2025-04-11,1208.5133,3064.9617,876.8248,1339.9417,394.6744,3057.2964,1666.7892,1720.3853,11360.7559,2299.8694
2025-04-15,1229.4823,3080.801,905.0453,1355.6755,393.5977,3196.28,1684.0245,1761.7153,11611.4482,2295.3501
2025-04-16,1228.6892,3105.082,911.4027,1343.4117,397.3896,3166.9429,1672.271,1785.0247,11424.3721,2300.3071
2025-04-17,1263.5878,3128.8882,925.331,1349.4961,400.011,3186.1738,1729.9524,1850.1537,11454.7354,2308.4719
2025-04-21,1284.4078,3150.4185,935.2312,1379.4426,395.8915,3218.749,1723.4337,1844.5712,11503.708,2285.144
2025-04-22,1280.1448,3143.5894,952.0228,1352.6333,405.9562,3196.4763,1725.9031,1814.0144,11492.9346,2331.5081
2025-04-23,1288.8694,3237.1084,933.6782,1402.1639,403.3815,3238.863,1766.7937,1842.8082,11662.3799,2355.905
2025-04-24,1290.4557,3226.2959,930.2325,1398.8365,402.6325,3238.4707,1781.7079,1807.5504,11649.6475,2260.1641
2025-04-25,1289.266,3270.3042,927.5148,1407.2025,400.5259,3210.5073,1765.4109,1779.7358,11457.6738,2266.8706
2025-04-28,1357.0804,3266.0364,931.8826,1409.0088,401.4622,3264.668,1818.9441,1784.2412,11602.6338,2253.6519
2025-04-29,1387.7157,3293.5415,926.3502,1423.6494,398.8407,3259.7622,1783.2882,1786.1998,11597.7363,2256.6646
2025-04-30,1392.9703,3275.7107,934.212,1426.1211,398.6535,3278.1101,1809.7585,1826.0608,12005.1895,2276.4934
2025-05-02,1407.6437,3254.1802,932.7077,1432.5858,402.1176,3272.125,1802.1532,1810.0968,12150.1494,2253.6519
2025-05-05,1419.0453,3276.2795,939.9387,1434.202,409.0926,3267.5134,1814.0055,1827.5299,12202.0605,2282.8113
2025-05-06,1408.7343,3281.686,937.4636,1436.959,407.7818,3271.2419,1796.7207,1861.8082,12322.5332,2315.0813
2025-05-07,1393.9618,3267.5537,944.2094,1433.9169,403.6624,3258.8792,1759.3859,1857.6949,12373.4648,2304.3896
2025-05-08,1394.9532,3271.1577,935.9106,1436.864,403.1475,3261.332,1745.4592,1836.2465,12137.416,2288.9348
2025-05-09,1365.4083,3263.0012,917.0808,1433.2513,396.5469,3379.073,1723.335,1810.2927,11998.333,2267.551
2025-05-12,1424.2006,3433.8191,949.8389,1546.668,407.735,3519.6758,1665.4558,1832.231,12356.8145,2315.7617
2025-05-13,1403.5786,3333.8516,933.0474,1491.243,400.6196,3499.856,1679.0861,1783.0658,12225.5664,2293.8918
2025-05-14,1412.2043,3365.8147,927.2237,1513.8694,401.7431,3505.8413,1687.1851,1796.3854,12409.7051,2284.658
2025-05-15,1441.7491,3395.4067,938.4828,1533.4534,405.0667,3550.0923,1718.6926,1828.705,12685.9111,2289.2263
2025-05-16,1443.9303,3377.7654,938.9195,1511.4927,407.9223,3536.8464,1713.5568,1776.6019,12728.0283,2314.6924
2025-05-19,1428.4639,3337.4558,940.8607,1482.877,407.5946,3532.4312,1708.9146,1780.8132,12722.1504,2315.9561
2025-05-20,1412.4025,3318.0122,929.3105,1483.6375,407.1733,3500.6411,1686.7902,1771.6071,12378.3623,2275.5217
2025-05-21,1416.963,3344.095,935.0857,1491.1479,405.3944,3521.4419,1710.4949,1784.9268,12355.835,2297.6824
2025-05-22,1397.3328,3297.8098,931.7371,1471.1836,398.9343,3484.5496,1697.5559,1793.6433,12189.3271,2265.4128
2025-05-23,1414.5839,3333.4719,938.3857,1487.6305,408.484,3532.1365,1662.8877,1793.937,12197.1621,2293.1143
2025-05-26,1422.5153,3355.0024,941.5886,1502.556,414.6633,3580.0181,1655.48,1809.3132,12165.8203,2327.0366
2025-05-27,1409.924,3318.3914,934.843,1492.6691,406.237,3571.4819,1662.6903,1805.7876,12158.9639,2313.5261
2025-05-28,1400.8029,3317.4429,933.4841,1494.2853,400.6591,3577.6633,1645.8994,1817.834,12077.6689,2295.8359
2025-05-29,1405.6609,3317.8225,935.4254,1507.4047,399.2765,3586.4939,1678.8885,1825.1793,12137.416,2300.4043
2025-05-30,1408.7343,3284.9104,943.8696,1506.537,398.6091,3605.9214,1656.9615,1817.9318,12065.916,2282.5198
2025-06-02,1401.5958,3272.0117,937.6577,1497.9569,399.8009,3610.3367,1653.9984,1815.8751,12037.5117,2305.1672
2025-06-03,1393.4661,3229.7102,934.0179,1487.545,397.5603,3609.5444,1646.9858,1803.3392,11878.8398,2286.4077
2025-06-04,1411.3119,3235.1643,942.074,1495.4503,397.6079,3591.4214,1644.418,1836.7361,11913.1211,2298.2659
2025-06-05,1430.0502,3225.7869,946.1505,1498.439,399.6103,3607.3657,1662.3939,1840.0659,11876.8809,2309.8325
2025-06-06,1431.1406,3238.322,960.2729,1507.5975,401.4696,3620.9331,1658.5419,1831.6432,12205.9785,2322.8574
2025-06-09,1436.3954,3274.3965,960.3701,1516.3705,403.3766,3643.3145,1673.5549,1826.6483,12377.3828,2326.1619
2025-06-10,1426.1835,3313.6296,953.7699,1538.6403,407.1429,3644.2058,1668.0239,1818.8134,12262.7871,2328.106
2025-06-11,1436.4945,3322.2417,946.5389,1572.4786,406.3324,3649.1575,1669.8016,1821.8494,12196.1826,2309.8325
2025-06-12,1429.257,3286.1667,943.1417,1550.7875,401.4219,3569.0398,1666.641,1806.1792,12135.457,2267.3567
2025-06-13,1415.6743,3297.1709,930.6208,1544.4247,394.6521,3552.6995,1667.0363,1802.4576,12153.0879,2254.0405
2025-06-16,1425.4895,3345.5898,939.2592,1565.4412,398.7521,3593.5999,1664.5669,1822.9268,12272.5811,2262.2048
2025-06-17,1418.9459,3363.7708,936.4445,1580.9626,397.9893,3587.262,1629.8986,1816.5608,12336.2451,2263.3716
2025-06-18,1417.8555,3302.6255,938.5313,1574.2141,396.5591,3566.6631,1627.7257,1827.432,12486.1025,2232.9482
2025-06-19,1421.0281,3276.4065,939.2107,1560.2352,396.6544,3586.0737,1627.3307,1838.3031,12542.9111,2229.9351
2025-06-20,1453.6464,3287.6021,953.4786,1564.5735,399.0858,3626.5779,1644.6154,1896.7722,12528.2188,2241.5991
2025-06-23,1444.3269,3247.3171,945.5682,1527.0715,394.6521,3549.0352,1642.0475,1896.3806,12438.1084,2234.6255
2025-06-24,1438.3782,3244.2546,951.6345,1524.7577,395.0812,3569.9312,1641.2572,1893.7362,12351.917,2222.8391
2025-06-25,1454.7371,3296.3101,961.0009,1556.861,396.9881,3584.7861,1649.0601,1925.0765,12504.7129,2238.1611
2025-06-26,1482.4972,3293.4392,981.1896,1557.9215,400.7544,3624.2012,1649.2576,1972.7725,12453.7803,2240.2239
2025-06-27,1502.425,3292.7695,988.5983,1550.209,399.1812,3643.6116,1666.8386,1985.3086,12382.2803,2265.8594
2025-06-30,1487.7518,3312.7686,982.0237,1544.2318,397.0835,3634.3025,1655.085,1968.1693,12145.251,2253.7786
2025-07-01,1515.3138,3281.8606,987.2245,1549.0521,395.7963,3631.2324,1646.6895,1977.7673,12186.3887,2254.6624
2025-07-02,1505.7961,3275.7366,974.4187,1552.6191,393.7462,3562.0085,1656.8628,1991.3809,12362.6904,2266.0562
2025-07-03,1504.8046,3254.2065,974.9584,1560.5244,394.1277,3548.2429,1659.0358,1977.6694,12490.0205,2272.2439
2025-07-04,1514.2234,3272.3875,976.0378,1581.7338,393.3648,3559.8301,1655.6777,1975.6127,12386.1973,2297.6831
2025-07-07,1528.3016,3264.6365,975.1056,1568.5261,396.7975,3546.7576,1664.6953,1991.9684,12262.7871,2367.5183
2025-07-08,1524.4351,3259.3735,981.9746,1579.8057,397.7986,3571.5156,1657.3623,1988.1488,12158.9639,2350.1331
2025-07-09,1505.9943,3237.9392,986.7829,1574.9852,399.944,3545.074,1654.2903,1978.061,12213.8135,2380.2869
2025-07-10,1504.2097,3236.2168,984.3297,1557.7286,397.4649,3540.1223,1647.4528,1923.9991,12390.1152,2365.554
2025-07-11,1482.3981,3125.217,973.2902,1537.5798,397.4172,3506.3523,1656.8668,1882.2775,12315.6777,2474.7756
2025-07-14,1470.9965,3083.7837,972.9468,1513.8639,399.8963,3462.0845,1667.3708,1881.2981,12256.9102,2471.8291
2025-07-15,1472.682,3112.1079,979.0798,1528.614,402.4708,3460.2029,1711.8645,1894.3239,12278.457,2481.9458
2025-07-16,1472.8802,3104.2341,979.4724,1550.1125,404.8545,3469.9082,1685.6044,1896.6743,12305.8818,2472.8113
2025-07-17,1463.759,3081.2871,974.8603,1526.5895,404.2347,3440.3965,1687.9825,1890.1125,12219.6904,2465.1499
2025-07-18,1463.3624,3062.7561,960.3863,1529.0961,403.0905,3431.2854,1678.2712,1877.3728,12163.8613,2445.3093
2025-07-21,1416.3683,3032.3196,981.533,1527.3608,400.5638,3468.918,1676.9832,1885.4708,12150.1494,2421.0488
2025-07-22,1400.7036,3033.6641,984.7712,1514.4424,396.6544,3431.0874,1662.8125,1883.1008,12235.3623,2435.5854
2025-07-23,1412.4025,3052.387,993.2104,1517.913,395.6533,3451.1909,1667.2719,1919.6409,12367.5889,2406.8066
2025-07-24,1390.8883,3022.5264,988.2548,1496.7036,390.8858,3443.8625,1676.6858,1912.0365,12299.0264,2394.4309
2025-07-25,1379.7842,3010.8127,985.9922,1461.2262,390.3613,3409.5972,1683.6223,1913.8142,12149.1699,2372.4292
2025-07-28,1375.7194,2956.5647,987.9105,1461.5154,390.8381,3389.0974,1686.7935,1866.8059,12086.4844,2398.1633
2025-07-29,1404.9668,2934.1931,994.3539,1459.298,389.4555,3461.7876,1695.0183,1894.4579,12212.834,2409.95
2025-07-30,1398.0267,2931.8892,996.4198,1464.4077,388.6451,3629.6479,1718.1074,1908.5801,12358.7725,2394.0378
2025-07-31,1378.297,2915.7588,992.6816,1454.7671,392.7928,3601.3245,1691.2526,1890.5076,12348.9785,2476.3472
2025-08-01,1381.7671,2883.3057,989.7304,1416.783,397.0835,3552.6006,1614.9496,1860.9791,12179.6787,2508.269
2025-08-04,1399.4147,2951.8596,979.7947,1427.2913,397.4649,3595.9768,1626.7418,1890.8037,12242.0527,2498.4468
2025-08-05,1379.7842,2941.7783,972.7119,1407.8174,394.8904,3617.269,1617.3279,1907.79,12412.3418,2489.6069
2025-08-06,1380.8749,2911.438,976.4993,1385.0654,392.8404,3593.3027,1580.7618,1905.7161,12399.4717,2490.491
2025-08-07,1377.5039,2925.552,981.4671,1385.2583,394.366,3606.3752,1583.933,1898.7043,12506.3975,2472.7129
2025-08-08,1356.0889,2915.3745,970.892,1371.9542,395.2242,3572.7041,1572.5371,1835.4998,12464.8154,2454.1494
2025-08-11,1374.3313,2919.5994,981.5654,1376.871,397.4649,3632.916,1593.8424,1834.3147,12471.7461,2473.5967
2025-08-12,1368.5811,2914.4143,968.9246,1372.9182,396.9881,3650.4448,1607.5175,1827.303,12712.3291,2439.6125
2025-08-13,1370.7621,2915.1824,974.0399,1375.3284,394.8428,3657.9712,1624.9583,1844.1904,12706.3887,2450.7117
2025-08-14,1367.4774,2901.8364,979.3521,1395.67,392.316,3641.4329,1626.5438,1850.5109,12807.375,2436.4695
2025-08-18,1375.3409,2891.179,985.5004,1384.1979,387.4055,3599.9382,1617.9225,1868.781,13928.1191,2522.4131
2025-08-19,1413.5642,2895.9797,979.3521,1388.2468,390.0753,3578.052,1611.8777,1885.9646,14108.3096,2558.46
2025-08-20,1406.4969,2975.0955,977.9257,1442.427,387.1671,3557.5522,1618.3188,1904.4323,14079.5977,2622.3037
2025-08-21,1418.2427,2978.936,979.4012,1442.6199,386.6904,3577.6558,1625.3545,1905.9137,14138.0117,2600.8914
2025-08-22,1402.7144,2932.2729,966.3176,1434.0397,379.7775,3561.0183,1626.9402,1909.2714,14206.3252,2583.1133
2025-08-25,1406.0988,3015.4214,966.0717,1477.0367,380.7787,3568.2478,1641.7052,1906.7036,14308.3008,2584.7832
2025-08-26,1378.5262,3031.3599,957.5625,1474.6266,384.5927,3507.0454,1585.8158,1881.0267,14567.6963,2644.698
2025-08-28,1379.5217,2970.3904,942.2162,1446.1869,382.2566,3525.6636,1571.3478,1857.7201,14605.3184,2607.1775
2025-08-29,1350.9537,2961.7493,936.1171,1416.783,390.6951,3566.168,1580.0682,1865.3245,14643.9307,2612.4814
2025-09-01,1347.6689,2988.5376,935.1334,1445.512,386.9764,3563.593,1549.1506,1876.9778,14738.9756,2602.3647
2025-09-02,1360.2109,2987.4812,929.1327,1444.8372,387.8346,3540.3203,1551.0333,1863.7443,14694.4229,2629.3755
2025-09-03,1366.2828,2974.0391,938.9208,1425.9417,392.6021,3565.97,1564.4111,1860.4854,14778.5781,2617.2942
2025-09-04,1353.0441,2972.3108,945.6101,1410.4202,396.5591,3557.8494,1567.9786,1857.0289,14516.2129,2619.1606
2025-09-05,1368.6719,2926.8,947.7252,1392.6815,388.4067,3519.2266,1579.1763,1871.7437,14746.8965,2586.5508
2025-09-08,1372.1558,2898.6682,950.2828,1381.402,388.5974,3495.4587,1566.6904,1864.238,15106.2871,2577.22
2025-09-09,1369.8662,2927.8564,949.4467,1450.236,390.9811,3490.9031,1577.2936,1870.1635,15212.2227,2594.998
2025-09-10,1370.6626,2986.041,950.1845,1477.5188,393.8416,3515.6614,1578.9783,1867.8922,14957.7783,2596.4714
2025-09-11,1376.9337,2999.675,952.0535,1455.4418,395.7486,3505.4609,1595.1306,1889.2236,14944.9072,2575.354
2025-09-12,1388.5798,3008.5083,951.5617,1470.7704,394.509,3545.1731,1601.9683,1878.9529,15172.6211,2534.592
2025-09-15,1392.86,2987.8652,951.3157,1454.1886,393.4602,3551.511,1587.5002,1880.8293,15113.2168,2535.0833
2025-09-16,1398.8324,3020.3179,951.119,1456.9845,393.8893,3632.3218,1595.9233,1915.3943,15418.1543,2534.9851
2025-09-17,1407.2933,3046.3379,950.7747,1467.6855,390.266,3649.8506,1605.5356,1917.172,15643.8877,2523.9841
2025-09-18,1408.4877,3050.0823,961.0056,1485.2313,392.4113,3650.3457,1633.6786,1916.9744,15659.7285,2540.78
2025-09-19,1400.9227,3042.8813,951.1682,1484.8457,391.5532,3639.8481,1641.0116,1938.0098,15706.2617,2514.064
2025-09-22,1384.2,2951.2842,948.5121,1445.6084,388.0253,3609.2471,1629.1202,1931.8867,15658.7383,2526.4399
2025-09-23,1383.4038,2940.3381,941.626,1443.6803,384.4497,3622.2205,1616.436,1914.6042,15936.9443,2477.3293
2025-09-24,1376.635,2914.4143,935.5761,1440.8845,382.352,3638.2639,1612.3732,1907.0986,16087.4336,2504.1438
2025-09-25,1366.0839,2839.5232,934.3956,1431.4369,381.4938,3609.1479,1612.6705,1911.5427,16107.2344,2493.1431
2025-09-26,1371.2599,2783.5471,929.6737,1396.827,386.2613,3693.425,1572.3387,1892.7789,16124.0654,2467.1143
2025-09-29,1366.4819,2780.6667,934.8383,1389.9822,388.3113,3652.7224,1574.9153,1878.5579,15825.0684,2453.4614
2025-09-30,1357.7224,2773.2734,935.5269,1389.9822,382.8764,3623.6069,1579.8701,1855.0537,15869.6211,2469.668
2025-10-01,1362.4008,2798.0452,949.545,1393.8385,386.7381,3634.7976,1621.3907,1844.3879,15806.2568,2491.0803
2025-10-03,1357.1252,2786.2351,949.4467,1394.6096,385.4985,3696.9902,1616.436,1873.1262,15648.8379,2499.6255
2025-10-06,1368.6719,2869.2876,957.6116,1422.953,382.1136,3700.8525,1639.7233,1879.4467,15838.9287,2496.5808
2025-10-07,1378.4268,2855.1733,966.5144,1406.0819,381.2078,3693.623,1638.1378,1905.0248,15947.835,2472.4182
2025-10-08,1361.1068,2906.5413,962.7762,1441.2701,381.1601,3693.7222,1616.8325,1919.3446,15852.79,2455.6226
2025-10-09,1371.459,2939.666,961.2022,1455.0563,381.3031,3732.741,1643.489,1917.8633,15826.0586,2472.8113
2025-10-10,1375.3409,2907.5974,964.9404,1460.455,384.0683,3747.3977,1655.7767,1915.7893,16103.2744,2483.9102
2025-10-13,1368.6719,2887.3384,961.1039,1439.5348,380.6833,3733.0381,1653.2994,1930.6029,16160.6973,2448.4524
2025-10-14,1369.5677,2842.3079,961.2515,1436.3535,378.3473,3708.0818,1639.426,1922.406,16099.3135,2457.7834
2025-10-15,1367.9751,2862.064,962.3336,1421.4105,381.3031,3791.6653,1640.1196,1944.0338,16050.8008,2474.1863
2025-10-16,1391.8646,2862.9312,978.1716,1418.6147,386.309,3824.4453,1643.9845,1942.9475,16135.9463,2515.9302
2025-10-17,1410.2795,2854.7397,986.2382,1389.3073,392.9834,3802.262,1663.9025,1986.9932,16237.9219,2557.3794
2025-10-20,1460.0493,2905.8169,986.6317,1408.3958,393.8416,3835.2397,1673.3165,2026.0023,16260.6934,2548.2446
2025-10-21,1458.4567,2897.6252,991.3044,1419.4824,393.6509,3850.5898,1675.1993,2018.1017,16232.9717,2545.593
2025-10-23,1441.734,2961.7129,992.3865,1473.5662,396.6068,3880.7949,1674.6047,1982.9442,16230.001,2555.3169
2025-10-24,1444.9193,2952.0757,978.5651,1470.5776,397.4172,3867.1282,1683.6223,2004.0782,16112.1846,2471.6323
2025-10-27,1477.2697,2972.9883,986.6317,1472.6331,401.0882,3885.8457,1678.2712,2054.2468,16225.0508,2467.1143
2025-10-28,1480.0569,2946.968,987.2219,1468.4242,398.4661,3934.3716,1671.731,2064.2212,16148.8164,2452.676
2025-10-29,1497.2771,2946.679,991.4519,1478.4082,401.994,3919.814,1700.3694,2074.4922,15977.5371,2443.8359
2025-10-30,1481.6494,2925.1877,981.9098,1462.1598,399.2765,3948.9294,1687.9825,2040.6184,16044.8604,2425.665
2025-10-31,1479.5592,2947.0642,971.2363,1450.9034,400.8022,3991.9094,1675.3975,2028.965,16025.0596,2421.6379
2025-11-03,1477.8669,2907.3589,976.4993,1454.0355,394.6998,3941.9971,1690.9554,2048.2227,15495.3789,2416.2358
2025-11-04,1466.3203,2881.7239,969.2197,1436.8083,389.8846,3886.4397,1674.7039,2087.0342,15221.1338,2402.1902
2025-11-06,1489.2145,2901.6729,968.6295,1435.6337,388.5497,3844.054,1670.641,2068.8628,15298.3574,2392.6628
2025-11-07,1471.1978,2883.2659,966.3176,1445.5199,385.2601,3844.9451,1676.0912,1976.3274,15325.0898,2389.6931
2025-11-10,1482.4458,2915.4541,968.4819,1481.4425,386.6904,3880.5969,1682.4333,1994.6963,15428.0557,2384.5454
2025-11-11,1486.527,2936.4634,975.5647,1497.8867,387.9299,3916.7437,1700.5676,2016.9166,15489.4385,2403.0571
2025-11-12,1504.5436,3018.187,973.4005,1518.8334,388.0729,3916.3477,1716.4229,2048.0251,15539.9316,2400.0874
2025-11-13,1503.9464,2993.0337,970.5969,1509.1431,386.8334,3963.7842,1721.6749,2065.8015,15592.4043,2383.3577
2025-11-14,1511.9095,2993.323,973.4988,1470.9691,389.1695,3965.6658,1741.1965,2074.5908,15528.0508,2403.2551
2025-11-17,1511.3124,2989.6609,980.3358,1475.6675,388.1683,3988.7405,1747.9351,2085.9478,15720.1221,2400.5823
2025-11-18,1512.4072,2975.1086,976.3025,1454.9165,386.9764,3960.9124,1742.8812,2122.488,15771.6055,2379.7937
2025-11-19,1511.9095,3033.5103,978.4175,1508.4579,384.7834,3980.719,1767.9521,2132.9563,15611.2158,2417.0154
2025-11-20,1541.9706,3030.7156,992.4357,1503.9553,386.595,3998.3467,1761.3129,2131.4749,15643.8877,2403.948
2025-11-21,1539.4821,3036.3052,981.8114,1512.2753,388.8834,3985.9675,1763.5919,2135.8201,15818.1377,2409.1948
2025-11-24,1528.8313,3027.2458,982.8935,1515.2118,384.7834,3974.48,1764.6821,2125.3521,15799.3262,2399.7903
2025-11-25,1532.6138,3006.0444,973.6956,1498.1803,382.1613,3958.0403,1760.7183,2134.7339,15731.0127,2389.7922
2025-11-26,1562.6748,3048.1587,987.5662,1524.9021,383.5915,4022.7087,1788.564,2100.3665,15995.3574,2400.7803
2025-11-27,1556.2047,3022.813,993.0751,1533.222,385.4985,4041.822,1793.915,2089.3057,15744.873,2427.0134
2025-11-28,1560.2859,3023.6804,991.206,1527.0554,385.4508,4030.2354,1815.0222,2075.4797,15741.9033,2441.7637
2025-12-01,1558.8923,3019.729,985.7955,1530.8728,385.4508,4033.8003,1791.0413,2063.7275,15936.9443,2439.6846
2025-12-02,1539.1835,3021.9458,973.6956,1527.9364,382.3043,3991.5134,1783.2128,2077.8499,16077.5322,2452.8508
2025-12-03,1531.718,3064.6382,984.2215,1545.2615,381.8752,3949.4246,1790.3475,2060.0735,15922.0938,2423.3508
2025-12-04,1528.5327,3112.0537,980.9752,1563.7611,384.3066,3945.0671,1801.8428,2077.6523,15834.9688,2437.4077
2025-12-05,1533.5096,3120.7271,986.976,1581.9672,386.1183,3999.1389,1788.9603,2082.5901,16120.1055,2315.0525
2025-12-08,1535.8987,3119.0889,986.7792,1576.6816,383.5915,3958.0403,1779.9426,2060.271,16026.0498,2290.7
2025-12-09,1522.3612,3091.9119,980.8768,1565.1315,382.3997,3958.8328,1759.9254,2063.7275,15860.71,2283.2756
2025-12-10,1529.8268,3073.5046,973.6956,1551.2323,384.402,3952.6926,1769.3395,2041.3096,15859.7197,2278.5239
2025-12-11,1537.8894,3076.1069,984.0248,1564.1527,384.1636,3965.1707,1790.843,2027.6812,16086.4434,2282.3848
2025-12-12,1549.3365,3103.6694,985.2053,1564.3484,381.4938,4034.6919,1777.2671,2057.5056,16357.7188,2237.8379
2025-12-15,1549.0378,3113.0173,979.8931,1572.7664,383.5915,4052.7158,1780.8345,2043.9761,16251.7822,2270.4065
2025-12-16,1535.2019,3088.8281,978.1224,1559.1608,383.0194,4024.4915,1765.1776,2075.8745,16191.3887,2258.1313
2025-12-17,1537.2922,3101.0671,967.99,1568.068,381.2078,4023.1047,1776.6726,2081.8,16234.9512,2252.6868
2025-12-18,1537.2922,3161.7817,963.7599,1592.3428,381.7799,3992.1077,1730.0979,2065.999,16166.6377,2242.6885
2025-12-19,1557.8969,3162.9382,969.4656,1603.9906,382.3997,4034.0974,1729.1069,2071.6279,16250.793,2257.0425
2025-12-22,1568.1495,3204.282,971.6298,1653.8125,383.9729,4033.0081,1753.7816,2120.908,16483.4551,2266.4468
2025-12-23,1563.4711,3189.9224,980.3849,1632.9637,388.4067,4019.5398,1740.0074,2096.5146,16420.0918,2279.4148
2025-12-24,1551.0287,3198.5962,980.9752,1628.1675,387.6916,4014.3901,1721.2786,2097.3049,16536.918,2259.2202
2025-12-26,1552.024,3161.0107,975.9582,1621.0221,385.3555,4008.1509,1703.9368,2079.2322,16430.9824,2262.3879
2025-12-29,1538.4867,3133.5447,975.5647,1609.8635,383.8776,3999.634,1701.6577,2055.7283,16377.5195,2270.2085
2025-12-30,1532.7134,3129.0151,974.7778,1587.2528,381.9706,4012.8054,1704.6305,2073.7019,16481.4766,2267.1396
2025-12-31,1563.1726,3089.8879,975.0729,1581.1842,384.259,4044.0007,1704.135,2079.4299,16530.9785,2292.5808
